Customer_ID,Timestamp,ingresos,puntos_lealtad,gastos_mensuales,pais
1.0,27/01/2023,21809.07,828.0,8314.15,Rusia
2.0,17/08/1990,12075.85,,9800.09,NICA
,23/07/2013,10011.41,8171.0,8092.14,china
4.0,09/03/2012,24544.44,,9183.88,Argentina
5.0,25/04/1995,,,2763.01,MEXICO
,02/02/2020,37075.52,2349.0,,Ind
7.0,20/12/2004,15261.73,4725.0,4592.47,mx
8.0,21/12/1991,49577.37,9840.0,1869.99,España
9.0,20/08/2015,47542.52,127.0,3889.59,ES
10.0,27/08/2015,12317.69,3501.0,4852.89,
11.0,13/08/1996,5855.27,4049.0,6585.97,ucraia
12.0,23/01/2001,45784.01,2825.0,3979.74,Argentina
13.0,30/01/1994,42005.65,,9588.83,Ind
14.0,09/11/1998,6722.93,2570.0,4454.03,afganistan
15.0,13/01/2007,30745.08,9323.0,1517.06,COREA
16.0,04/01/2014,10541.09,4041.0,9305.99,china
17.0,23/05/1986,7651.16,6519.0,7850.15,México
18.0,01/04/2007,31041.54,6204.0,4932.55,Peru
19.0,09/09/2003,44329.82,9965.0,8511.39,México
20.0,12/01/2019,37117.94,1836.0,6933.33,COREA
21.0,30/01/1990,48480.97,2354.0,3033.11,mx
22.0,01/08/2011,14879.89,8332.0,3719.54,peruColombia
,03/04/2025,18520.39,8176.0,8541.85,China
24.0,29/09/1999,11359.61,4782.0,3143.16,Argentina
,19/04/2008,6586.39,6599.0,5075.93,jap
,08/12/1991,,8915.0,7409.45,RUS
27.0,01/10/1994,3544.22,2298.0,1375.59,Nicaragua
28.0,05/03/2006,,4530.0,5977.65,mex
29.0,23/11/1987,9251.61,9606.0,,españa
30.0,15/07/2007,16690.16,3064.0,9817.53,mx
31.0,13/07/1988,32733.01,,,RUS
32.0,05/02/1989,17674.01,9279.0,3037.49,Ucrania
33.0,,46855.85,,7792.43,COL
34.0,19/02/1992,11871.93,7929.0,7121.15,Nicaragua
35.0,,22946.14,9926.0,2791.01,china
36.0,22/11/1989,13352.23,8203.0,7932.64,COL
37.0,20/09/1983,7165.49,3330.0,399.8,Ind
38.0,28/11/1994,37161.64,8051.0,3158.28,China
39.0,12/08/1983,,1473.0,5205.55,corea
40.0,10/09/2023,,6170.0,1736.13,Nicaragua
41.0,02/02/2018,33433.56,3437.0,,Nicaragua
42.0,19/11/1996,,2503.0,9251.47,COREA
43.0,12/07/2008,9777.14,1717.0,9386.43,España
44.0,14/11/2010,21170.29,8617.0,8205.63,afganistan
45.0,,,2364.0,2605.74,RUS
46.0,20/02/1996,13195.7,7616.0,3427.14,Nicaragua
47.0,20/06/1990,41276.4,,2981.28,RUS
48.0,22/11/1991,30171.8,,,ucraia
49.0,16/05/1989,41305.26,5276.0,7878.06,CHINA
50.0,,16496.97,2417.0,,canada
51.0,11/07/1987,23147.06,5708.0,,china
52.0,04/12/1985,26060.99,6703.0,9633.62,CA
53.0,,32720.63,1240.0,4870.97,MEXICO
54.0,05/03/1989,,8889.0,,Estados Unidos
55.0,,45742.01,8051.0,1435.96,Japon
56.0,06/12/2001,23573.42,6775.0,5406.67,AFG
57.0,04/01/1996,2203.67,9175.0,2647.63,Estados Unidos
58.0,05/12/1996,25255.0,5596.0,6728.54,Argentina
59.0,17/01/1992,31516.52,124.0,2396.67,UCRANIA
60.0,,20525.15,1933.0,4599.51,china
61.0,02/06/2007,39718.97,4005.0,9016.03,Estados Unidos
62.0,26/07/2021,42056.64,9897.0,9035.29,México
63.0,26/06/2017,2373.66,6484.0,,España
64.0,10/03/2008,30800.79,8738.0,6280.1,Ind
65.0,05/09/2019,9514.06,2434.0,2243.21,mx
66.0,,17552.28,3904.0,3888.58,México
67.0,07/10/2018,30247.94,,5099.96,
68.0,08/01/1996,1329.75,2132.0,8008.34,Peru
,08/03/2019,21994.49,,8144.77,Canadá
,24/06/2017,8784.02,3969.0,8088.54,ARG
71.0,13/12/1999,38072.95,6972.0,5616.87,ucraia
72.0,13/06/2006,25452.56,2653.0,9935.27,China
73.0,19/04/1989,38102.12,3699.0,9002.24,Estados Unidos
74.0,02/08/1999,18750.68,5519.0,2305.56,Estados Unidos
75.0,23/06/2019,,3415.0,8322.82,us
76.0,30/06/1990,,1493.0,1839.08,China
77.0,,,8868.0,9110.07,corea
78.0,16/06/2000,2541.95,3630.0,2528.69,COL
79.0,09/06/1989,41599.7,1600.0,2936.12,COREA
80.0,13/06/1989,44121.48,3181.0,3261.67,AFG
81.0,,48694.05,8712.0,132.11,Japon
82.0,23/01/1985,18483.3,8414.0,1393.17,ARG
83.0,13/12/1996,4627.43,,,jap
84.0,08/09/1985,26039.46,3509.0,7828.32,España
85.0,24/06/2011,15236.43,505.0,7957.69,ARG
86.0,12/09/1989,46348.78,3251.0,2798.8,Canadá
,09/07/1997,9625.81,3152.0,8181.36,canada
88.0,06/03/2003,30874.02,4273.0,5773.94,jap
89.0,09/02/1989,33535.97,4079.0,3352.09,corea
90.0,29/09/1988,22137.28,3712.0,4616.56,México
91.0,17/09/2011,2540.79,,7227.97,Peru
92.0,09/05/2016,,6060.0,2830.34,Estados Unidos
93.0,02/01/2014,28795.5,9111.0,1755.04,UCRANIA
94.0,27/02/2018,31307.39,4848.0,443.91,japon
95.0,17/12/2016,28513.01,5259.0,,ARG
96.0,02/07/2001,16734.54,5680.0,1103.85,Estados Unidos
97.0,27/03/2017,48032.7,878.0,,us
98.0,02/08/2020,23586.54,9895.0,5429.74,us
99.0,28/04/2009,31898.44,8953.0,2260.1,jap
100.0,09/09/2013,26213.84,5368.0,,India
101.0,14/05/1984,6156.55,91.0,5411.33,
102.0,10/06/2011,25383.75,7491.0,4450.59,PE CAUSA
103.0,25/10/1997,30814.81,8611.0,8056.78,ARG
104.0,06/04/2024,4836.34,1080.0,,us
105.0,,,5482.0,7132.51,colombia
106.0,11/01/1992,,236.0,317.37,rusia
107.0,04/12/2005,33369.3,9070.0,5538.54,RUS
108.0,,20228.77,8218.0,8384.54,México
109.0,14/04/2015,37568.34,4220.0,2899.51,China
110.0,05/04/2008,28698.99,5087.0,,ucraia
111.0,28/09/1990,4314.75,7629.0,512.02,
112.0,18/02/1993,37574.52,8111.0,7628.7,india
113.0,08/11/1983,34963.07,8632.0,8583.23,China
114.0,30/10/2012,22469.4,,942.73,ucraia
115.0,07/02/2010,37719.8,3714.0,4735.8,Nicaragua
116.0,30/05/2006,28853.22,2165.0,2492.29,NICA
117.0,,43883.61,1710.0,3190.11,Ucrania
118.0,19/03/2012,42478.12,8547.0,9456.05,españa
119.0,23/09/2016,9140.54,1713.0,9477.45,Rusia
120.0,07/03/2022,42522.57,4072.0,2455.9,RUS
121.0,13/09/1993,15145.02,107.0,1114.92,India
122.0,17/07/1987,37880.2,2855.0,7605.96,COREA
123.0,10/03/2019,47853.92,2751.0,3817.8,peruColombia
124.0,29/01/2013,41458.68,4547.0,3670.1,NICA
125.0,07/10/1997,36053.9,1613.0,8056.88,rusia
126.0,06/08/1988,15411.92,4381.0,3627.47,Argentina
127.0,16/03/1988,39891.4,160.0,5272.33,RUS
128.0,16/07/2007,,4752.0,1667.38,USA
129.0,26/04/1995,,4467.0,849.6,india
130.0,27/06/1992,2536.09,1912.0,1966.83,RUS
131.0,08/01/2006,,4164.0,6822.87,India
132.0,03/05/2011,34032.01,9071.0,8247.76,España
133.0,05/10/2022,9640.89,8217.0,354.95,Ind
134.0,31/08/1994,24241.5,7378.0,603.29,canada
135.0,29/04/2019,15429.24,8950.0,713.86,Rusia
136.0,03/08/2014,31648.45,4355.0,8868.45,china
137.0,18/11/2014,17551.21,6451.0,9413.39,Ind
138.0,24/05/2009,16868.81,3884.0,6776.96,ES
139.0,18/11/2024,26854.98,2645.0,8468.69,Rusia
140.0,22/04/1994,46569.92,,,Rusia
141.0,11/05/2012,18732.04,6721.0,,Argentina
142.0,01/12/1998,16343.6,,3170.9,Ucrania
143.0,17/04/1999,17249.67,8799.0,8932.03,ucraia
144.0,18/09/2021,37172.9,8111.0,4823.64,México
145.0,26/03/2025,46270.3,3306.0,9593.34,rusia
146.0,19/08/1997,11606.93,5016.0,5156.06,China
147.0,07/06/2015,17838.48,4057.0,2941.18,corea
148.0,28/03/2007,26774.25,9240.0,6883.47,PE CAUSA
149.0,09/12/2021,2267.03,6672.0,4548.19,Nicaragua
150.0,20/11/1996,43837.54,,6068.54,India
151.0,04/01/2025,19979.2,557.0,2742.3,COREA
152.0,27/06/2006,8012.13,7570.0,,Ind
153.0,,49925.25,8647.0,7546.27,argentinaAfganistan
154.0,17/01/2013,36610.67,5297.0,1829.17,corea
155.0,23/07/1987,34204.33,3950.0,,Japon
156.0,23/08/2000,,,7419.62,Japon
157.0,15/04/2006,2607.62,4319.0,2463.77,argentinaAfganistan
158.0,17/09/2018,10638.69,1998.0,3555.64,España
159.0,07/06/1991,3694.82,5195.0,4588.86,USA
160.0,,8571.14,3982.0,8151.91,mx
161.0,23/03/2017,32135.25,5122.0,7668.03,ucraia
162.0,13/06/2012,35499.4,,8760.71,afganistan
163.0,06/09/2015,15377.61,8759.0,5986.87,Japon
164.0,16/12/1996,2947.0,7800.0,815.07,mx
165.0,23/07/1991,41850.89,,3071.81,ARG
166.0,,15606.33,3760.0,7742.95,peruColombia
167.0,03/06/2015,9216.4,1218.0,580.71,Ucrania
168.0,26/08/1993,31185.6,6263.0,2833.89,Nicaragua
169.0,09/03/2009,,,8366.1,india
170.0,,1969.2,823.0,4779.03,peruColombia
171.0,09/10/1988,27733.82,9336.0,3308.44,Ucrania
172.0,20/07/2001,22973.23,4237.0,8915.77,Estados Unidos
173.0,05/05/2014,21439.4,227.0,3538.75,afganistan
174.0,09/12/1985,42053.59,4724.0,6756.61,CHINA
175.0,07/07/1992,37251.92,,4633.74,Ucrania
176.0,05/04/2019,48952.15,2776.0,3735.6,España
177.0,06/08/1986,36927.86,6988.0,,mex
178.0,02/08/2003,28614.91,5503.0,8024.49,Ind
179.0,01/07/2013,20312.58,8589.0,1175.96,Japon
180.0,,22813.16,4003.0,4679.73,ucraia
181.0,10/10/1989,10360.35,9595.0,6143.56,canada
182.0,02/11/2020,10688.8,9814.0,1377.12,canada
183.0,,15764.51,960.0,4530.46,rusia
184.0,09/01/1998,17170.12,43.0,4977.39,NICA
185.0,20/04/2019,16955.38,1634.0,2608.21,COREA
186.0,27/10/1995,22795.3,3777.0,9271.26,españa
187.0,26/03/2023,27966.32,1922.0,7688.81,
188.0,19/12/2019,28719.77,2381.0,7181.88,COL
189.0,12/02/1999,47217.42,4099.0,8793.56,Ind
190.0,11/08/2006,45131.31,3971.0,8801.08,peruColombia
191.0,13/05/2000,2388.41,5195.0,7478.44,PE CAUSA
192.0,23/11/1994,36408.7,9568.0,9411.87,japon
193.0,27/08/2007,21484.83,6063.0,9641.36,japon
194.0,20/11/2005,3252.44,285.0,1142.79,CHINA
195.0,24/03/2023,24070.79,1266.0,3285.42,china
196.0,,34759.44,9342.0,1835.2,corea
197.0,25/07/2006,34898.09,183.0,1416.11,Peru
198.0,19/02/2016,39878.01,2991.0,1466.02,argentinaAfganistan
199.0,05/01/2025,,1876.0,219.51,COREA
200.0,09/03/1997,23815.77,2651.0,4945.57,AFG
201.0,25/02/1990,49775.18,,9390.53,India
202.0,10/11/1997,49834.7,7607.0,1587.37,PE CAUSA
203.0,07/06/1997,41207.72,8650.0,8465.76,PE CAUSA
,14/03/2001,19722.01,1777.0,8052.74,RUS
205.0,06/09/2021,12579.88,2711.0,8812.07,mex
206.0,14/04/2023,30504.33,1694.0,762.03,japon
207.0,22/03/2019,6121.85,1419.0,5381.52,ES
208.0,13/12/2023,4872.67,7462.0,5655.91,mex
209.0,12/03/2022,31784.38,9095.0,2773.1,MEXICO
210.0,11/07/2004,35772.42,3385.0,585.26,India
211.0,,33522.91,6748.0,9307.71,españa
212.0,15/03/2022,20917.62,6399.0,6846.78,rusia
213.0,01/01/2006,41654.63,161.0,7291.3,colombia
214.0,20/11/1995,45709.62,4377.0,1172.4,CHINA
215.0,18/07/2011,21632.58,3548.0,199.92,nicaragua
216.0,28/04/1997,25383.36,3643.0,,AFG
217.0,05/05/2018,32171.55,6655.0,6582.34,Argentina
218.0,,9306.81,1790.0,,Ucrania
219.0,06/03/1997,,2630.0,2714.21,españa
220.0,14/09/2020,9102.05,1846.0,3444.86,peruColombia
221.0,26/04/2011,10231.82,1366.0,3177.49,NICA
222.0,21/11/2018,14563.86,6685.0,3237.93,india
,25/06/2004,19216.83,9304.0,6096.47,afganistan
224.0,02/06/2013,22518.71,8535.0,1969.93,mx
225.0,07/04/2002,,7531.0,,MEXICO
226.0,12/03/1999,48868.32,4093.0,,jap
,09/05/1984,,8079.0,9079.64,japon
228.0,28/02/2025,7878.02,9926.0,6760.05,corea
229.0,29/06/2014,20562.27,,4418.61,corea
230.0,21/03/1985,,3877.0,950.94,jap
231.0,15/11/1991,6770.47,2988.0,5229.02,nicaragua
232.0,10/05/2015,36738.1,1125.0,8588.97,ucraia
233.0,05/02/1992,47535.74,,8631.07,PE CAUSA
234.0,29/05/1991,12389.69,1579.0,,españa
,,35373.73,4026.0,3205.68,
236.0,17/07/1996,9688.25,3027.0,2910.78,us
237.0,22/09/2006,30014.13,,4460.21,corea
238.0,28/08/1997,25422.25,8904.0,121.42,mex
239.0,09/02/2009,4626.18,2096.0,,Argentina
240.0,19/05/1993,25838.31,9169.0,598.21,AFG
241.0,19/09/1985,,6719.0,4837.22,UCRANIA
242.0,11/06/2017,30606.73,,8038.48,Peru
243.0,21/11/2001,36585.7,4022.0,2572.52,USA
244.0,26/11/2004,9493.4,1593.0,2568.05,España
245.0,16/05/1993,45976.37,,526.86,NICA
,09/10/1997,49015.66,,4529.62,china
247.0,28/10/2024,42995.39,9157.0,1167.35,PE CAUSA
248.0,,16576.68,8047.0,9428.68,Argentina
,07/03/1991,42504.89,3243.0,3867.77,China
,17/04/2004,22642.76,6305.0,1107.54,peruColombia
251.0,27/05/2016,48400.84,3724.0,1330.63,canada
252.0,02/02/1990,41733.18,5268.0,4373.55,argentinaAfganistan
253.0,,3534.99,4698.0,3535.37,Ucrania
254.0,01/07/2012,18028.12,8191.0,9490.43,España
255.0,03/10/2008,7046.36,2545.0,2339.12,USA
256.0,10/09/1991,2372.39,8141.0,9131.66,PE CAUSA
257.0,25/06/2022,33512.9,3520.0,9486.24,us
258.0,24/11/1997,23189.78,5912.0,4771.12,NICA
259.0,29/05/2001,48152.79,3883.0,9982.62,COREA
260.0,23/11/2023,15587.01,5009.0,8788.9,AFG
261.0,02/11/2024,5015.19,1698.0,3779.62,india
262.0,30/07/2004,,2148.0,3067.17,jap
263.0,03/01/1987,17960.14,222.0,8400.88,India
264.0,04/12/2005,23922.35,6096.0,2131.98,nicaragua
265.0,06/10/2017,5063.55,4709.0,6866.97,jap
266.0,13/06/2007,4609.97,,8680.1,argentinaAfganistan
267.0,23/10/2021,19216.3,,6098.47,us
268.0,28/06/2020,1639.18,8598.0,2373.96,nicaragua
269.0,29/04/2007,46196.86,5144.0,8309.41,NICA
270.0,22/09/2007,16068.55,5154.0,,RUS
271.0,17/10/2013,1263.53,5997.0,7391.23,NICA
272.0,15/01/2007,44852.97,9594.0,3194.88,argentinaAfganistan
273.0,12/02/2024,19957.17,1800.0,4850.56,COL
274.0,12/08/2001,39269.04,1696.0,643.79,COL
275.0,04/04/2009,3880.95,2364.0,1275.41,jap
276.0,,48647.96,4082.0,,USA
277.0,27/07/2019,28737.83,652.0,5431.14,Ind
278.0,29/09/1991,22026.36,497.0,1409.09,COL
279.0,,6113.99,1242.0,6873.49,COREA
280.0,26/08/1999,40902.25,,6612.59,Peru
281.0,15/07/1989,4485.56,6444.0,664.4,nicaragua
282.0,01/06/2007,17461.65,7574.0,1049.33,AFG
283.0,30/11/2000,17587.12,9791.0,,peruColombia
284.0,03/09/2014,28503.28,9276.0,4759.4,mex
285.0,14/12/2018,44024.92,8410.0,3107.84,japon
286.0,21/02/2025,34190.53,2404.0,8676.37,china
287.0,26/02/1990,48467.79,7383.0,9883.04,corea
288.0,08/08/2006,7986.42,79.0,4985.16,UCRANIA
289.0,04/10/1996,,9378.0,2012.34,Rusia
290.0,11/12/2024,30327.03,37.0,1403.26,afganistan
,16/09/2020,21081.34,6926.0,,Argentina
292.0,11/06/2018,49420.04,,7705.48,MEXICO
293.0,06/01/2004,49286.73,3483.0,3515.94,Argentina
294.0,29/01/2017,39203.23,6207.0,228.82,RUS
295.0,04/06/1983,,9764.0,,
296.0,02/04/1996,24531.2,4461.0,,rusia
297.0,11/05/2014,11879.05,3685.0,1577.4,COREA
298.0,,7249.94,2622.0,2340.2,jap
299.0,04/10/2006,38299.89,1759.0,7993.22,japon
300.0,08/08/1988,14079.49,2288.0,9110.03,ucraia
301.0,23/11/1987,,8345.0,9299.31,Peru
302.0,15/03/2007,,2201.0,1635.2,Nicaragua
,19/05/2013,33275.7,7487.0,6295.59,Argentina
304.0,22/11/1984,8293.42,5941.0,2259.49,MEXICO
305.0,20/10/2021,25461.57,368.0,9006.86,nicaragua
306.0,24/11/2011,42519.49,8201.0,6831.07,Nicaragua
307.0,25/02/2012,21800.38,8994.0,8179.34,china
308.0,12/12/2023,3048.56,8676.0,4054.62,us
309.0,16/02/2022,31599.63,3315.0,7118.7,canada
310.0,07/03/2018,42603.96,1936.0,380.19,afganistan
311.0,19/09/1983,32206.71,7501.0,,colombia
312.0,25/04/2023,5010.59,4664.0,9499.49,mex
313.0,11/11/1997,27650.99,,5048.28,Ind
314.0,23/01/2006,19691.04,7783.0,,mex
315.0,27/07/2021,7581.72,2681.0,9447.77,españa
316.0,20/07/2024,36779.31,7680.0,1353.7,NICA
317.0,20/08/2005,21885.06,7135.0,7688.3,PE CAUSA
318.0,27/12/1990,6365.92,7460.0,9585.21,MEXICO
319.0,05/11/1990,35054.3,6373.0,8388.31,corea
320.0,22/09/2011,23675.73,4734.0,7602.12,jap
,18/04/1995,11980.01,8817.0,9670.57,ucraia
322.0,07/01/1989,49138.35,6387.0,,Estados Unidos
323.0,09/03/2019,21948.5,263.0,1234.15,nicaragua
324.0,,,8793.0,1639.11,ARG
325.0,19/01/2000,49073.1,4803.0,,India
326.0,22/04/2020,11346.91,,3570.2,Ind
327.0,11/03/2011,32103.9,,5262.2,Ind
328.0,,4712.1,8849.0,4596.27,corea
329.0,,17019.67,8340.0,2260.29,china
330.0,21/03/1992,12228.59,5245.0,9206.95,argentinaAfganistan
331.0,16/10/1985,38954.57,5403.0,7416.02,Japon
332.0,27/11/2012,36232.12,396.0,6878.23,ES
333.0,04/11/2015,4600.73,245.0,4007.41,japon
334.0,20/07/1997,12901.73,4724.0,3150.54,Argentina
335.0,17/09/1995,40918.69,6843.0,6001.67,colombia
336.0,04/01/2018,,,9520.87,peruColombia
337.0,,43471.39,8091.0,8351.66,Japon
338.0,10/04/1987,23011.85,6915.0,8977.77,Rusia
339.0,28/08/2001,21745.14,7948.0,5453.56,México
340.0,15/08/1997,6776.73,9885.0,9266.41,japon
,10/06/2014,3789.97,5935.0,1081.47,us
342.0,29/11/1994,,3579.0,295.34,COREA
343.0,,5990.1,,6317.58,COL
344.0,,38999.75,4166.0,1428.6,Ind
345.0,10/10/1986,30554.54,7728.0,9200.36,RUS
346.0,,4962.04,4423.0,3634.78,jap
347.0,03/11/1994,47148.83,1445.0,6637.54,Rusia
348.0,27/02/2021,35400.48,6325.0,1164.22,mex
349.0,26/07/2006,41926.82,1565.0,8276.77,PE CAUSA
350.0,12/03/2018,46652.16,2437.0,9189.01,peruColombia
351.0,01/10/2023,39493.94,,4751.45,
352.0,02/04/1986,24493.5,3874.0,9815.69,AFG
353.0,23/03/2006,41378.69,1605.0,5548.27,mex
354.0,17/06/1994,13960.37,1507.0,7891.62,india
355.0,12/06/2008,29102.69,3381.0,7545.29,España
356.0,,48046.46,,6623.02,us
357.0,14/03/2006,9407.24,5252.0,2889.62,Argentina
358.0,,33289.68,3424.0,994.41,Peru
359.0,26/11/1983,35866.08,81.0,483.73,canada
360.0,23/02/1989,,4376.0,6289.45,RUS
361.0,04/02/2005,19351.75,5102.0,707.66,USA
362.0,24/03/2016,27527.6,3629.0,,España
363.0,27/08/2017,8477.95,8253.0,,china
364.0,,10724.86,417.0,6479.96,China
365.0,24/06/2020,15793.74,3446.0,6580.75,NICA
366.0,,19992.54,5540.0,329.67,
367.0,31/12/1996,17366.0,6635.0,5621.69,COL
368.0,13/10/2014,24978.04,7725.0,469.28,CA
369.0,29/09/2017,45701.15,3667.0,4594.72,us
370.0,25/05/1991,10367.91,7671.0,768.13,AFG
371.0,03/01/1992,14955.08,9207.0,8677.01,Canadá
372.0,16/10/2003,8251.36,8500.0,6696.11,argentinaAfganistan
373.0,23/07/1989,27698.5,9439.0,1355.14,jap
374.0,11/05/2015,36126.77,475.0,,México
375.0,10/07/2020,31950.17,7370.0,9334.84,mex
376.0,16/07/2024,2153.47,6055.0,9989.7,AFG
377.0,20/01/2021,23531.93,8778.0,9017.23,México
378.0,28/12/1999,4152.26,5405.0,7474.48,india
379.0,07/05/2017,44559.67,,1656.76,Ucrania
380.0,16/10/1998,26860.76,7846.0,2219.95,us
381.0,10/02/2019,12867.68,6529.0,871.81,COL
382.0,,10503.98,7214.0,8538.2,nicaragua
,29/12/1993,,8440.0,5761.05,peruColombia
384.0,06/07/2020,47012.32,1590.0,6127.37,Japon
385.0,04/02/2009,15760.87,6261.0,,RUS
386.0,,34791.15,747.0,8923.78,mex
387.0,27/03/2016,32795.79,3375.0,3892.96,
388.0,16/09/2010,32629.26,9143.0,3839.42,peruColombia
389.0,06/01/1983,27845.35,,5364.62,USA
390.0,01/03/2017,45938.7,1206.0,489.37,jap
391.0,09/04/1998,,4002.0,7142.12,corea
392.0,25/09/2019,43213.46,9531.0,3981.44,Estados Unidos
393.0,25/07/2008,38538.99,5144.0,7087.42,
394.0,,1395.77,3005.0,2963.75,ES
395.0,16/09/1999,30356.87,9701.0,7726.37,China
396.0,19/11/1991,,2485.0,1924.8,PE CAUSA
397.0,15/11/2016,23193.19,4935.0,,ucraia
398.0,21/02/1991,18290.36,6669.0,5428.02,Ucrania
399.0,11/05/2001,12170.25,3752.0,7821.04,Canadá
400.0,19/03/1993,43548.05,2127.0,3294.75,ARG
401.0,11/08/2021,,2448.0,8246.07,Estados Unidos
402.0,16/08/2016,29843.36,9081.0,8122.72,mx
403.0,22/03/1999,21596.83,6127.0,,COREA
,30/11/2016,,,1804.91,MEXICO
405.0,10/09/1985,39889.91,8559.0,8978.47,Ucrania
406.0,12/06/2019,21538.55,1817.0,5868.66,MEXICO
407.0,08/07/1993,5704.44,6815.0,7670.45,ES
408.0,06/01/1987,2927.51,,6358.48,mex
409.0,04/10/2023,12059.6,9635.0,1262.12,ARG
410.0,30/06/1998,,2359.0,9861.78,Ucrania
411.0,02/07/1996,45722.33,1755.0,2313.63,argentinaAfganistan
412.0,13/08/2019,,6445.0,,us
413.0,26/05/2024,,5197.0,3234.85,argentinaAfganistan
414.0,01/02/2018,40503.12,2742.0,1735.12,UCRANIA
415.0,11/11/2022,41357.54,6302.0,,AFG
416.0,09/09/2009,6624.59,8239.0,9104.47,Ucrania
,21/09/1986,3282.57,4467.0,,USA
418.0,11/09/1990,37996.63,2570.0,1283.37,Rusia
419.0,31/01/2021,18416.83,9833.0,856.77,afganistan
420.0,18/09/2005,37990.04,522.0,8372.67,argentinaAfganistan
421.0,15/08/1993,12134.5,5836.0,6827.72,Nicaragua
422.0,02/07/2019,17537.71,4287.0,8949.87,NICA
423.0,04/01/2022,,9811.0,8529.83,Ind
424.0,,27508.96,938.0,5990.74,MEXICO
425.0,16/05/1997,30856.24,9594.0,6581.0,AFG
426.0,15/08/1987,,1400.0,3922.83,us
427.0,23/08/2015,,2052.0,4108.89,nicaragua
428.0,18/07/2003,37963.35,9834.0,230.34,UCRANIA
429.0,15/04/1994,42159.77,,8861.35,Japon
430.0,31/05/2018,19179.01,2975.0,,NICA
431.0,20/09/2016,5774.58,,4116.8,colombia
432.0,19/06/2020,20778.56,7453.0,8343.66,ARG
433.0,17/07/1992,47606.53,9579.0,9106.53,india
434.0,17/02/2017,1441.19,2485.0,7908.7,Ind
435.0,17/12/1985,18520.15,3998.0,1059.42,México
436.0,21/06/2000,33622.45,4112.0,8515.42,japon
437.0,06/12/2009,3821.36,5853.0,1895.29,japon
438.0,13/05/1999,,3306.0,6811.55,Rusia
439.0,21/04/2017,42368.16,8471.0,5184.87,España
440.0,16/01/2008,42163.38,1057.0,5490.08,India
441.0,,18250.08,4102.0,4067.98,India
442.0,01/08/2016,24394.38,9520.0,8172.41,Estados Unidos
443.0,10/02/2006,4995.99,7181.0,1231.11,afganistan
444.0,09/06/2018,44216.09,,9769.68,COREA
445.0,04/09/2003,15632.96,5699.0,2534.77,argentinaAfganistan
446.0,15/04/2017,9679.0,6382.0,648.4,españa
447.0,16/02/2012,,8801.0,7650.42,COL
448.0,16/02/1989,41679.42,419.0,2883.84,Ucrania
449.0,04/04/2008,34493.27,560.0,2160.25,Nicaragua
450.0,03/03/1988,4265.04,8221.0,9863.34,corea
451.0,25/10/2003,47971.64,2035.0,4250.65,Nicaragua
452.0,01/08/2018,,2374.0,2436.82,argentinaAfganistan
,03/11/2021,31938.26,3700.0,7481.26,afganistan
454.0,28/09/1998,48791.9,,2485.41,MEXICO
455.0,29/12/2009,5437.68,9320.0,3052.03,china
456.0,20/04/1995,,7624.0,4266.06,china
457.0,31/08/2011,14231.04,257.0,9397.36,Estados Unidos
458.0,22/05/2018,18986.61,5935.0,,us
459.0,14/07/1999,,1696.0,9414.51,jap
460.0,31/10/2001,33055.09,9497.0,6858.5,Ind
461.0,02/11/2012,8493.95,4535.0,8302.39,Peru
462.0,17/07/2003,2540.53,7995.0,5780.73,corea
463.0,24/05/2010,16708.51,4499.0,5624.72,japon
464.0,24/08/2013,14867.18,1400.0,7677.91,peruColombia
465.0,25/12/2009,,7067.0,1404.17,ucraia
466.0,28/05/2009,26730.66,7252.0,4126.95,ucraia
467.0,17/04/2019,4945.65,6266.0,4929.44,COL
468.0,16/12/1989,31408.61,,3927.83,Japon
469.0,08/10/1997,23811.18,633.0,9307.63,USA
470.0,26/03/2009,1610.94,2032.0,6894.21,UCRANIA
471.0,31/03/1998,38736.92,9781.0,7079.29,Nicaragua
472.0,27/12/2017,22089.45,1125.0,7153.92,PE CAUSA
473.0,16/01/1991,24457.24,1778.0,6743.15,us
474.0,24/06/1985,25031.08,1300.0,171.6,corea
475.0,21/09/2019,10114.18,454.0,8735.44,ES
476.0,16/09/1989,3378.16,1928.0,2638.55,mex
477.0,23/02/2019,5895.06,9700.0,1861.03,rusia
478.0,20/12/2000,34281.48,5824.0,3237.83,canada
479.0,29/01/1990,8867.42,7568.0,1721.92,us
480.0,25/05/1989,8070.26,414.0,3312.82,peruColombia
481.0,18/06/1989,44053.28,7705.0,8673.29,COREA
482.0,20/12/2006,30678.16,6916.0,,Ind
483.0,03/08/1983,21872.08,9085.0,491.33,corea
484.0,26/11/1992,38281.05,9522.0,6699.95,Ucrania
485.0,27/01/2016,49486.24,619.0,,Japon
486.0,30/12/2009,26956.14,,1344.65,nicaragua
487.0,30/01/1983,29616.77,6405.0,891.55,us
488.0,27/07/2013,23115.85,8414.0,4368.14,peruColombia
489.0,12/10/2006,48349.0,222.0,9935.07,CA
490.0,08/08/1997,21272.31,4675.0,,mx
491.0,22/04/1994,,,2754.74,China
492.0,23/08/2014,34206.43,7408.0,6541.96,UCRANIA
493.0,03/05/1996,46483.75,1176.0,4023.01,india
494.0,19/08/2002,1022.85,8866.0,8467.92,corea
495.0,13/08/2020,,,4577.35,canada
,03/10/1999,13489.01,5333.0,473.02,
,,38641.85,7838.0,9971.64,india
498.0,24/10/2000,35909.81,813.0,8446.52,PE CAUSA
499.0,28/05/1992,34516.75,3335.0,486.78,us
500.0,28/12/2021,28986.65,,1213.74,Japon
501.0,23/02/2025,7431.57,,4592.07,COREA
502.0,,11395.6,4722.0,3246.04,colombia
503.0,13/09/2014,,1856.0,4024.23,nicaragua
504.0,27/03/1984,22087.01,508.0,6056.77,CHINA
,02/10/2007,11656.67,4519.0,,jap
506.0,19/07/1989,44814.47,6374.0,6263.34,COL
507.0,07/07/2009,19486.73,2830.0,533.35,mex
,18/06/2004,38272.51,9960.0,2435.08,UCRANIA
509.0,26/06/1999,27346.61,5643.0,9346.83,nicaragua
510.0,02/10/1997,46265.8,631.0,7921.98,Peru
511.0,01/06/2023,28721.21,4683.0,8588.7,Canadá
512.0,03/11/2020,39503.5,6572.0,,china
513.0,20/06/2004,25677.03,5441.0,1178.57,China
514.0,03/12/1989,,1475.0,2262.62,Ind
515.0,26/06/2022,43696.03,1448.0,9654.42,México
516.0,28/09/2017,26206.94,6309.0,4590.79,ucraia
517.0,28/10/2011,14472.53,2613.0,5882.09,Estados Unidos
518.0,24/01/2022,,7066.0,3228.79,india
519.0,29/06/1992,22772.02,,5932.95,Canadá
,06/02/2003,20165.47,76.0,5690.24,COL
521.0,19/08/2011,,9563.0,4051.57,us
,05/02/2023,4599.91,1688.0,9273.62,CHINA
523.0,23/10/2013,6328.39,7126.0,7482.01,ES
524.0,16/07/1987,21943.25,9363.0,734.3,Peru
525.0,03/04/2025,5503.31,279.0,6659.27,UCRANIA
526.0,02/01/1986,25407.22,255.0,8219.38,peruColombia
527.0,07/04/1987,12120.66,6114.0,1376.96,España
,20/07/2011,36335.08,9990.0,842.04,afganistan
529.0,28/11/2004,,,5868.87,India
530.0,20/05/1987,9816.1,6571.0,6352.84,
531.0,30/05/1993,16912.9,8496.0,8004.56,nicaragua
532.0,13/10/2011,,42.0,7388.89,
533.0,18/07/2011,11504.4,9334.0,2559.19,japon
534.0,04/10/2021,8006.68,5158.0,8409.1,peruColombia
535.0,17/01/1999,49307.23,4307.0,2231.92,corea
536.0,,1214.44,8977.0,3851.76,Nicaragua
537.0,,23936.2,3309.0,7961.88,México
538.0,01/09/1992,48331.52,9388.0,7323.87,afganistan
539.0,24/06/1995,43346.53,2611.0,3141.78,UCRANIA
,22/04/2014,40593.87,56.0,7864.33,Estados Unidos
541.0,26/09/1999,48196.08,4463.0,,COREA
542.0,27/11/2010,34786.33,6534.0,7537.9,Canadá
543.0,05/02/2014,2112.24,6117.0,9052.45,UCRANIA
544.0,17/05/2002,16197.77,7605.0,4226.2,japon
545.0,02/11/1991,26695.13,1024.0,8540.17,peruColombia
546.0,19/08/2011,34126.31,8707.0,4392.7,COREA
547.0,25/06/2014,22313.49,8821.0,3361.01,afganistan
548.0,29/07/1986,,5029.0,8733.43,NICA
549.0,27/11/1994,,4216.0,3290.38,Estados Unidos
550.0,16/01/1999,24690.93,5312.0,4453.58,afganistan
551.0,27/04/2000,10478.15,4890.0,3831.32,mx
552.0,06/09/1989,22145.56,1983.0,8146.43,Rusia
553.0,27/02/2016,45184.17,,8079.04,jap
554.0,09/11/2011,47329.9,6182.0,6469.68,Ind
555.0,06/08/2022,12189.14,1198.0,6996.04,UCRANIA
556.0,26/05/1997,38522.73,8074.0,7223.26,Estados Unidos
557.0,20/02/1999,29592.64,8668.0,8173.24,corea
,09/11/2003,44851.05,8541.0,,japon
559.0,26/02/1989,39535.84,1729.0,891.59,COL
560.0,08/12/2003,31327.8,6396.0,5286.68,argentinaAfganistan
561.0,09/12/2019,2149.95,3918.0,7909.66,Peru
562.0,30/09/1991,4841.86,,2105.33,Peru
563.0,04/10/1983,22198.8,5320.0,1776.97,ucraia
564.0,09/11/1994,29053.91,8414.0,4171.94,
565.0,02/01/2015,,537.0,589.14,AFG
566.0,24/04/1984,33047.0,1575.0,9765.82,CHINA
567.0,13/07/1995,29161.31,4182.0,5762.84,jap
568.0,02/02/1988,24613.16,2547.0,4652.2,Estados Unidos
569.0,06/11/1990,22320.36,6625.0,1968.87,Canadá
570.0,04/02/2019,34029.38,6821.0,441.51,España
571.0,14/04/2018,48094.19,2629.0,9702.86,Rusia
572.0,27/10/2001,11523.91,5143.0,3992.35,Ind
573.0,,28669.64,5527.0,3729.83,rusia
574.0,21/02/1999,48373.83,6944.0,2166.61,japon
575.0,03/01/2023,29377.43,8800.0,448.1,ucraia
576.0,,,8773.0,8789.72,USA
577.0,27/01/1997,19840.68,9397.0,353.67,RUS
578.0,07/08/1992,4299.6,6756.0,3475.32,Japon
579.0,20/12/2018,16093.78,9125.0,151.94,AFG
580.0,12/03/1985,35887.1,4572.0,1074.67,AFG
581.0,06/11/2004,34828.83,1063.0,7505.97,COREA
582.0,09/04/1994,31663.37,,7021.86,Rusia
583.0,17/04/1993,15821.17,5807.0,1857.54,Japon
584.0,07/12/2020,22065.25,5935.0,563.18,Peru
585.0,30/05/2019,34188.06,9319.0,3313.19,rusia
586.0,,46081.17,3434.0,233.54,UCRANIA
587.0,,2315.94,5332.0,6935.11,China
588.0,07/07/1996,,5947.0,482.34,ARG
589.0,15/06/2008,29817.92,5900.0,2777.02,México
590.0,23/02/1992,43612.75,1924.0,4778.18,USA
591.0,16/02/1984,34539.12,5608.0,3594.14,AFG
592.0,,36656.11,759.0,,corea
593.0,20/02/1993,26005.87,8713.0,2318.5,jap
594.0,22/02/1991,25591.42,7520.0,7236.81,CA
595.0,15/06/1991,40897.96,1996.0,2898.21,japon
596.0,20/05/2000,,1365.0,3335.74,USA
597.0,26/05/2005,22931.2,7037.0,2364.28,España
598.0,28/12/1998,11692.8,2014.0,1358.37,colombia
599.0,25/10/2005,,4655.0,,mex
600.0,17/06/1990,14639.82,7610.0,7729.1,Rusia
601.0,,7296.33,8768.0,1935.76,Ucrania
602.0,07/03/1991,,2590.0,942.92,RUS
603.0,07/05/2020,15815.54,5173.0,5632.07,Estados Unidos
604.0,20/10/2007,25424.79,598.0,7299.12,china
605.0,14/12/1992,35909.05,2226.0,341.53,rusia
606.0,28/04/1989,40099.39,6034.0,7974.78,México
607.0,,12671.31,,8841.47,canada
608.0,14/06/1989,46310.78,6280.0,2997.7,España
609.0,17/02/2016,3615.45,9756.0,3824.54,mex
610.0,15/09/1996,42367.3,3839.0,6412.46,MEXICO
611.0,31/05/1996,9356.89,4206.0,4612.52,nicaragua
612.0,,24307.09,,,Argentina
613.0,17/08/2001,8565.88,9832.0,3905.27,MEXICO
,,47599.49,2649.0,,RUS
615.0,22/05/2024,13006.93,6450.0,7303.27,japon
616.0,28/10/1986,17763.58,4235.0,4533.25,España
617.0,,11692.2,,4512.95,nicaragua
618.0,07/03/2011,38562.72,2027.0,3724.82,Nicaragua
619.0,19/03/1996,2744.66,4888.0,2708.37,jap
620.0,05/02/2008,33072.44,6380.0,9333.97,
621.0,13/05/1983,36814.22,8822.0,6429.84,china
622.0,03/12/1995,29490.46,8128.0,953.65,CHINA
623.0,26/03/1996,38795.56,8465.0,2725.52,ARG
624.0,08/01/1995,20100.49,,1123.95,corea
625.0,31/05/1997,43930.46,2913.0,4728.83,colombia
626.0,16/05/1989,9432.89,8946.0,1356.95,COL
627.0,16/09/2015,,4719.0,1622.11,corea
628.0,25/03/2012,34621.26,5944.0,3842.07,NICA
629.0,09/06/2022,45376.88,6670.0,8041.12,Argentina
630.0,22/01/2018,30282.15,6705.0,1668.05,COL
631.0,05/08/2004,29551.95,346.0,4512.98,Japon
632.0,28/06/1986,27875.25,6216.0,8040.31,China
633.0,25/08/1985,37832.13,370.0,4670.13,japon
634.0,,38917.03,5498.0,6110.68,Japon
635.0,10/05/1985,2278.85,,8646.71,canada
636.0,02/09/1985,27835.41,5022.0,836.6,corea
637.0,11/10/2000,10602.35,2716.0,3788.23,ES
638.0,30/11/1996,22798.85,2092.0,7438.33,Rusia
639.0,18/03/2011,11065.76,1041.0,4921.87,China
,13/12/2011,41325.06,8851.0,5026.82,España
641.0,12/01/2013,45194.03,4449.0,5575.65,ES
642.0,15/06/2015,17702.98,,8520.25,
643.0,11/07/2005,45464.26,1665.0,690.39,USA
644.0,21/02/2012,30910.03,3004.0,4611.18,Argentina
645.0,20/03/1985,41303.48,6096.0,,USA
646.0,23/02/2004,21363.88,5408.0,2086.97,Peru
647.0,06/02/1985,40179.76,1995.0,3173.36,india
648.0,08/03/2018,,4176.0,7474.38,Argentina
649.0,,3177.49,1059.0,6737.2,canada
650.0,18/12/2007,38337.87,,,rusia
651.0,29/03/2003,23317.31,4277.0,414.61,India
652.0,29/11/1989,46857.1,7219.0,465.84,CHINA
653.0,13/07/2017,1656.05,,1079.65,jap
654.0,01/04/2007,13552.74,2289.0,2324.15,ARG
655.0,11/02/1991,24118.01,7728.0,4301.97,mx
,18/06/1995,18388.01,,2844.11,Peru
657.0,,28184.44,6226.0,,ES
658.0,25/01/1998,18029.77,2341.0,,jap
659.0,07/11/2003,42662.75,5488.0,9724.76,CA
660.0,25/02/1987,40783.35,2470.0,3897.22,Argentina
661.0,18/10/2005,42416.88,8687.0,6231.59,CA
662.0,24/02/2016,19288.83,2551.0,4146.76,corea
663.0,15/11/1988,47910.11,7117.0,1651.61,argentinaAfganistan
664.0,05/04/1999,49744.34,4701.0,,afganistan
665.0,16/06/2015,6101.65,7187.0,7153.64,UCRANIA
666.0,14/11/2000,21559.55,3963.0,960.77,USA
667.0,27/10/1989,4916.95,4946.0,586.54,canada
,05/02/1986,27045.57,,568.78,UCRANIA
669.0,30/05/2020,,,4359.14,ES
670.0,01/07/2012,26962.3,554.0,,mex
671.0,30/04/2006,11993.4,5454.0,6230.18,India
672.0,12/12/1986,30741.17,4412.0,9863.7,colombia
673.0,17/12/2019,38181.44,6775.0,9930.13,rusia
674.0,15/10/2015,21801.37,8460.0,,
675.0,25/11/2005,23685.37,,2545.42,PE CAUSA
676.0,08/09/1986,15400.09,3785.0,840.0,China
677.0,08/09/1997,39162.09,,,PE CAUSA
678.0,19/07/2014,4743.18,3992.0,7515.42,Canadá
679.0,12/10/1997,8120.33,5.0,,México
680.0,31/05/1996,35072.59,266.0,6004.16,rusia
681.0,26/07/1995,20427.05,5772.0,1263.51,jap
682.0,07/04/2008,27551.39,9686.0,1507.2,Canadá
683.0,11/09/2021,19487.94,7491.0,8082.18,afganistan
684.0,,36029.98,8917.0,8408.59,USA
685.0,08/02/1983,11210.31,7634.0,7422.74,COL
686.0,17/03/2001,7181.57,6979.0,9754.09,afganistan
687.0,13/07/1992,24005.4,5364.0,354.82,UCRANIA
688.0,31/01/1993,22744.95,6902.0,7165.07,ucraia
689.0,14/04/2015,9740.84,,6919.9,Japon
690.0,11/02/2008,23303.91,7703.0,4319.24,CHINA
691.0,21/03/1994,18958.68,7319.0,7793.62,CHINA
692.0,18/07/1991,48779.68,1081.0,125.17,colombia
693.0,19/07/1983,28466.53,6216.0,9003.75,España
694.0,04/06/1989,43172.17,6459.0,5257.92,
695.0,19/09/2020,18323.86,4578.0,2179.85,mx
696.0,25/10/2023,45628.2,2659.0,9786.44,nicaragua
697.0,25/05/1991,24562.89,9975.0,6709.75,canada
698.0,30/09/1987,31510.06,4955.0,808.64,mex
699.0,17/01/1996,8963.79,562.0,147.75,afganistan
700.0,18/07/1996,39390.87,2470.0,3019.79,mex
701.0,12/11/2023,6494.6,5875.0,1327.69,mx
702.0,03/06/1992,28613.95,7377.0,,corea
703.0,18/10/1989,15878.64,1935.0,,UCRANIA
704.0,04/02/2013,46634.84,,4066.17,CA
705.0,19/11/1987,42203.76,3913.0,115.1,Peru
706.0,28/07/1999,20124.69,8029.0,1942.4,Canadá
707.0,,21240.88,8838.0,671.46,España
708.0,20/07/2013,26893.5,,,rusia
709.0,19/02/1989,4598.91,4887.0,885.39,COL
710.0,16/09/1991,42303.67,3236.0,3882.3,España
,15/04/1993,31011.36,1009.0,1965.91,México
712.0,31/12/2015,,4395.0,9450.18,CHINA
,03/04/2018,42710.89,6426.0,,china
714.0,01/09/1997,19082.55,8531.0,8703.59,Japon
715.0,03/01/2005,20867.6,,4768.01,NICA
716.0,,23227.28,3577.0,2137.64,afganistan
717.0,25/11/1994,45204.09,4070.0,1565.72,USA
718.0,31/07/2015,30161.93,3721.0,2878.79,afganistan
719.0,02/08/2015,16453.08,5360.0,9884.43,RUS
720.0,27/08/1987,24617.77,523.0,8358.19,AFG
721.0,03/06/2002,15712.16,5941.0,9693.68,China
722.0,17/06/1993,48318.95,2004.0,,Nicaragua
723.0,05/02/2007,43342.87,3345.0,9411.23,CHINA
724.0,21/07/2006,49379.66,2893.0,9987.88,USA
725.0,22/05/2016,8614.92,2743.0,5769.38,ARG
,04/10/2003,20116.76,5648.0,7557.11,Nicaragua
727.0,09/03/1986,43132.76,9259.0,4913.77,mex
728.0,,17083.52,7377.0,789.27,mx
729.0,18/06/2011,27371.65,358.0,3615.95,Rusia
730.0,22/09/2002,35918.69,6575.0,7718.28,Argentina
731.0,26/02/2008,13047.25,8110.0,3506.3,ES
732.0,27/07/1985,32400.2,6703.0,5314.64,Peru
733.0,25/02/2015,36370.33,3618.0,7696.36,PE CAUSA
734.0,02/12/2000,49032.5,5386.0,3596.55,
735.0,27/09/1998,25321.94,3307.0,3032.29,corea
736.0,22/05/1987,28233.21,4076.0,8444.06,peruColombia
737.0,06/09/2003,3941.87,6865.0,6827.59,ucraia
738.0,03/09/2011,,7168.0,9245.42,RUS
739.0,,33861.27,4865.0,4732.91,ARG
740.0,01/04/2020,44664.57,4686.0,,Rusia
741.0,03/06/1999,32563.65,6256.0,8652.1,Ind
742.0,21/06/2001,,3564.0,6400.64,MEXICO
743.0,22/12/1993,42314.17,6530.0,,Ind
744.0,21/02/2017,3468.66,6891.0,4503.88,Peru
745.0,10/04/2008,29709.24,,,españa
,08/09/2023,25391.18,7031.0,,ucraia
747.0,11/10/2000,11821.36,4605.0,,ES
,,16634.68,3319.0,5976.23,corea
749.0,26/12/2017,42086.78,2652.0,7491.52,
,03/05/1987,17550.12,7569.0,4248.3,nicaragua
751.0,08/07/2017,38839.62,5749.0,,CHINA
752.0,,49957.11,,2433.29,japon
753.0,25/11/2011,48661.09,8757.0,2063.61,china
754.0,31/08/2003,2810.17,3377.0,7190.66,china
755.0,06/12/2000,5013.98,5735.0,3920.42,argentinaAfganistan
,23/11/2010,21230.93,,3752.27,Japon
757.0,19/12/2004,8949.01,,,UCRANIA
758.0,20/08/2008,46416.74,2374.0,5473.46,COREA
759.0,21/10/1992,20532.97,5500.0,,Canadá
760.0,12/10/1984,31046.68,2443.0,1278.95,ARG
761.0,15/07/2001,8100.45,7472.0,2982.87,USA
,11/05/2007,20787.79,255.0,7879.55,Ucrania
763.0,09/12/1990,13849.32,1648.0,,ucraia
764.0,21/06/2023,43333.05,641.0,,China
765.0,02/01/1995,15804.36,8541.0,5145.52,Japon
766.0,18/09/2002,,7522.0,3760.24,peruColombia
767.0,26/04/2010,38809.42,912.0,6953.34,canada
768.0,,27105.0,1116.0,,jap
769.0,20/04/2009,15517.71,8823.0,5121.19,Ucrania
770.0,03/12/2001,46827.42,967.0,9395.93,colombia
771.0,03/08/2016,31325.25,4863.0,9821.7,MEXICO
772.0,22/01/2017,,1996.0,4566.44,
773.0,,20971.36,,1534.33,mex
774.0,16/03/2021,10001.91,4359.0,351.94,Peru
,21/04/2009,26016.71,898.0,4003.64,MEXICO
776.0,31/08/2003,8651.48,2377.0,9895.81,España
777.0,30/10/2004,21855.18,5981.0,6774.76,España
778.0,04/04/2011,12963.59,5743.0,3947.84,afganistan
779.0,26/10/2022,11551.56,437.0,4484.1,NICA
780.0,15/01/2007,31040.89,3548.0,8242.69,corea
781.0,25/08/2022,2038.79,6273.0,2148.23,afganistan
782.0,07/09/2015,,7312.0,,mx
783.0,21/03/2016,33332.3,1432.0,735.61,Nicaragua
784.0,26/10/2024,30564.93,7378.0,7038.22,corea
785.0,24/07/2018,42409.27,6086.0,2225.87,canada
786.0,09/05/2010,25966.97,3220.0,8707.67,RUS
787.0,18/02/1987,35741.9,8863.0,7349.79,India
788.0,15/01/2010,31051.62,9066.0,4024.47,Rusia
789.0,16/05/1984,31211.58,9399.0,2093.33,mx
790.0,28/04/2005,9004.78,8829.0,204.68,argentinaAfganistan
791.0,12/10/2001,,8617.0,8082.89,NICA
792.0,06/11/2003,46048.64,8080.0,8368.31,CA
793.0,04/02/1992,20549.71,7822.0,,argentinaAfganistan
794.0,06/09/2014,,9427.0,4157.23,NICA
795.0,13/05/1990,43936.8,3947.0,1611.46,argentinaAfganistan
796.0,,21498.15,2572.0,4360.45,mx
797.0,10/05/2014,40472.14,6971.0,9842.26,UCRANIA
798.0,20/01/2020,,9516.0,9537.22,India
799.0,10/12/2001,38352.07,3447.0,6925.61,india
800.0,09/12/2022,17721.34,5455.0,243.61,Nicaragua
801.0,,2459.8,8133.0,4374.45,mex
802.0,13/01/1984,9350.78,6519.0,1736.06,Ind
803.0,08/11/1991,33138.62,7632.0,4764.66,Rusia
804.0,15/11/1989,33972.82,5239.0,6174.9,Argentina
,07/12/2001,38782.66,2320.0,,AFG
806.0,19/08/1995,28858.71,9545.0,4698.47,nicaragua
807.0,19/08/2020,10610.03,2309.0,7331.18,COREA
808.0,29/03/2000,1340.25,,316.47,
809.0,28/09/2023,40678.32,6069.0,3583.83,RUS
810.0,25/05/2012,43269.74,,3555.78,mx
811.0,,12907.37,7102.0,1152.38,rusia
812.0,,3842.04,4135.0,6558.26,NICA
813.0,13/08/2022,,4628.0,8119.34,RUS
814.0,27/01/1993,40704.69,7111.0,3080.46,CA
815.0,09/09/1994,48219.44,4616.0,2725.83,México
816.0,17/08/2009,10145.33,2931.0,5766.69,China
817.0,04/02/2005,38476.37,6107.0,9504.02,canada
818.0,15/09/2006,10016.21,1524.0,799.43,CHINA
819.0,10/08/2005,10741.81,5293.0,,España
820.0,24/11/1995,24883.67,,2453.67,nicaragua
821.0,31/05/2009,46645.23,,9179.87,japon
822.0,,,3236.0,8505.03,MEXICO
823.0,19/11/2017,34239.28,3960.0,7389.61,japon
824.0,15/06/1994,,1949.0,,jap
825.0,29/05/2008,13012.58,5287.0,1136.87,México
826.0,02/05/1984,35209.71,8087.0,1270.31,argentinaAfganistan
827.0,05/03/2009,,2380.0,3505.02,corea
828.0,,23889.07,,8402.36,mex
829.0,23/10/1989,,9106.0,2267.75,canada
830.0,02/10/2012,24245.44,8403.0,7560.09,canada
831.0,04/03/2016,,8001.0,3943.14,USA
832.0,,22596.99,2183.0,9316.22,peruColombia
833.0,01/03/2021,22914.42,6355.0,3848.26,peruColombia
834.0,27/02/2023,5336.73,,2394.44,Peru
835.0,14/01/1996,,5231.0,6762.66,China
836.0,06/11/2011,12706.57,4384.0,4544.56,jap
837.0,22/03/1983,19703.66,3941.0,8436.89,mx
838.0,03/10/2020,24381.16,6748.0,7116.62,COREA
839.0,08/01/2013,49614.1,,,India
840.0,31/08/1989,24684.7,744.0,2575.63,argentinaAfganistan
841.0,15/10/1996,15688.03,3096.0,2452.76,india
842.0,09/11/1989,18787.74,1688.0,9369.23,CHINA
843.0,23/03/2012,42490.25,7206.0,4323.59,colombia
844.0,25/03/2014,41384.3,996.0,1987.08,USA
845.0,18/03/2003,23022.57,1098.0,8606.01,España
846.0,12/09/1983,40701.51,5990.0,7901.5,us
847.0,08/06/2013,16288.2,6968.0,2861.75,Rusia
848.0,12/01/2016,4734.71,2826.0,5969.97,COL
849.0,18/10/2021,8279.03,8094.0,8902.5,India
850.0,31/03/1989,,9746.0,5348.46,Ind
851.0,01/11/1990,33501.92,9846.0,5506.52,españa
852.0,27/09/2020,30309.23,1327.0,,afganistan
853.0,09/01/2015,13462.07,3119.0,,Ind
854.0,28/11/1992,2227.06,5316.0,9628.67,españa
855.0,23/08/1998,30163.1,437.0,,UCRANIA
856.0,27/06/2000,21847.93,2498.0,5011.46,india
857.0,10/03/2020,10795.1,6029.0,3767.57,india
858.0,02/03/1992,12400.97,1985.0,8903.95,España
859.0,01/05/2018,32350.64,1892.0,7470.41,Ucrania
860.0,,1971.32,,7204.01,afganistan
861.0,17/07/2017,4108.84,1699.0,1701.21,Argentina
862.0,10/06/2020,41736.07,9354.0,2329.7,Nicaragua
863.0,28/10/2008,32393.68,8076.0,5807.35,Peru
864.0,16/10/2010,37812.93,6821.0,3145.07,rusia
865.0,03/04/2002,7213.43,6198.0,9407.99,india
866.0,02/11/1990,26416.94,1372.0,5650.54,peruColombia
867.0,23/03/1986,35739.23,9825.0,6507.05,Argentina
868.0,07/05/2022,43523.13,4337.0,2746.31,PE CAUSA
869.0,14/07/1997,43877.5,2798.0,384.49,nicaragua
870.0,21/10/2005,15442.45,5814.0,6224.78,Estados Unidos
871.0,20/12/2000,30638.1,9557.0,2950.63,rusia
872.0,22/12/1991,12742.26,2993.0,4450.78,UCRANIA
873.0,10/08/2020,24021.3,4569.0,2824.14,España
874.0,,36921.9,,8228.29,ES
875.0,01/06/1998,22183.77,7782.0,2375.34,Canadá
876.0,23/12/1998,37985.3,6199.0,5264.48,COREA
877.0,20/07/2004,11217.3,8232.0,7431.8,RUS
878.0,02/03/2013,37104.99,7004.0,,NICA
879.0,29/06/2002,2585.93,5864.0,7314.95,
880.0,14/08/2004,32750.14,3911.0,9110.97,México
881.0,16/04/1986,7251.86,8091.0,9473.88,India
882.0,30/10/2016,35824.98,,132.73,NICA
883.0,21/06/1986,13743.08,8986.0,5044.7,Rusia
884.0,,32424.6,7300.0,2378.76,RUS
885.0,,30053.44,1386.0,1977.01,ucraia
886.0,20/08/2012,,9150.0,542.87,afganistan
887.0,,9583.22,303.0,9930.59,ARG
888.0,07/04/2013,2579.27,9875.0,7806.83,México
889.0,09/01/2006,23987.82,3490.0,2763.66,afganistan
890.0,04/06/2019,,87.0,6404.68,
891.0,20/06/2014,1687.7,2252.0,,us
892.0,16/07/2022,29785.87,4512.0,713.97,japon
893.0,02/04/2008,4787.0,5919.0,2379.5,españa
894.0,10/10/1988,19850.29,2401.0,1300.46,NICA
895.0,07/12/1988,,75.0,880.77,mx
896.0,16/12/2007,32577.31,1819.0,4084.4,Japon
897.0,20/06/1983,18227.03,9424.0,7833.38,peruColombia
898.0,05/08/2009,48396.15,4962.0,4830.78,PE CAUSA
899.0,27/05/2018,46377.3,2153.0,8624.28,COL
900.0,01/01/2024,38942.34,977.0,6312.27,Rusia
901.0,20/03/1984,36781.32,6649.0,7763.86,china
902.0,01/09/2008,16221.86,,9417.67,China
903.0,08/12/1995,22392.64,9672.0,6032.49,corea
904.0,18/09/2021,43541.44,7002.0,3083.29,Rusia
905.0,15/06/1998,34439.7,7618.0,245.34,CA
906.0,09/01/2012,25270.28,1379.0,,Japon
,29/07/1999,23319.71,516.0,8325.42,Estados Unidos
908.0,30/06/2004,14664.3,6357.0,4222.76,RUS
909.0,20/12/1984,28539.5,,103.13,México
910.0,26/03/2009,34315.96,8460.0,1822.57,ucraia
911.0,25/03/2011,16703.92,3318.0,2870.69,mex
912.0,27/11/1985,32481.0,763.0,5978.65,ucraia
,15/12/1993,20321.86,5856.0,7962.24,COREA
914.0,18/01/2003,25402.34,9369.0,945.02,Japon
915.0,07/10/1994,28171.04,8420.0,7301.12,peruColombia
916.0,10/02/1996,26867.93,2183.0,1539.4,españa
917.0,18/07/2018,1505.57,7805.0,3515.63,china
918.0,30/03/1984,21237.93,7145.0,5734.23,colombia
919.0,10/12/1986,,8399.0,,india
920.0,26/12/1991,24348.01,6347.0,447.5,RUS
921.0,07/03/1987,42953.21,,9946.97,Nicaragua
922.0,08/09/1990,39496.53,5898.0,9352.41,USA
923.0,01/02/1990,38565.75,6185.0,,españa
924.0,11/12/2015,2536.79,,8773.18,corea
925.0,08/01/2011,36154.09,6143.0,5684.27,CA
926.0,13/10/2009,30352.51,3168.0,3030.79,México
927.0,15/08/1993,37162.42,7280.0,7742.17,canada
928.0,23/05/1984,42674.34,5190.0,2605.26,Rusia
929.0,31/07/2018,12349.19,5165.0,,Nicaragua
,28/07/2014,2357.43,3766.0,,argentinaAfganistan
931.0,04/12/2017,,1884.0,4782.43,Japon
932.0,22/08/2004,45125.71,5497.0,9932.41,RUS
933.0,23/09/2005,,5603.0,,jap
934.0,23/08/2003,12371.16,7481.0,6632.15,Argentina
935.0,20/07/2005,45719.33,4104.0,1181.83,colombia
936.0,11/12/2015,16144.48,5432.0,2064.06,corea
937.0,06/03/2012,9500.69,9891.0,3222.1,China
938.0,26/09/2011,6220.87,245.0,2770.46,Japon
939.0,13/06/2023,23921.9,7761.0,8909.63,colombia
940.0,,49190.04,215.0,,nicaragua
941.0,30/05/2001,29490.5,4725.0,,Peru
942.0,08/12/2009,37042.73,9955.0,1404.0,rusia
943.0,02/07/2008,35534.75,602.0,3206.99,canada
,23/06/1983,44914.51,,4907.95,afganistan
945.0,10/12/2009,3742.48,5125.0,6855.84,us
946.0,09/07/1990,12705.37,3327.0,8445.7,Ind
947.0,,25002.6,5940.0,1639.37,jap
948.0,23/04/1991,,4696.0,,argentinaAfganistan
949.0,29/03/1989,38399.44,5562.0,507.4,Rusia
950.0,07/01/2000,35719.6,,9872.02,argentinaAfganistan
951.0,08/12/1984,16155.23,9871.0,3321.96,ES
952.0,09/10/1985,19951.77,4875.0,1924.03,Argentina
953.0,11/12/1988,29827.09,5946.0,2862.14,Rusia
954.0,30/09/1990,10053.51,6388.0,5262.93,ES
955.0,12/11/2024,25718.92,,7651.54,Peru
956.0,21/06/2018,31183.04,5330.0,1120.71,corea
957.0,,35142.13,8094.0,8643.53,MEXICO
958.0,16/09/1985,41096.36,2401.0,4619.45,USA
959.0,,48710.3,5665.0,9661.32,Canadá
960.0,06/03/1993,29198.56,2601.0,8648.01,nicaragua
961.0,19/04/2017,40795.67,6089.0,,Argentina
962.0,11/03/2022,43376.54,9906.0,8152.96,Canadá
963.0,10/05/1996,12802.87,1453.0,2044.78,PE CAUSA
964.0,23/06/1992,16134.08,7272.0,6715.3,Ucrania
965.0,15/06/1994,46955.97,1033.0,8064.74,us
966.0,07/11/2010,10190.31,1772.0,2950.23,Ind
967.0,25/09/2004,43194.66,1329.0,972.27,argentinaAfganistan
968.0,06/12/1993,11083.36,8121.0,1390.9,canada
969.0,,29174.44,2148.0,6640.53,Argentina
970.0,04/11/2004,16413.97,539.0,8388.75,mex
971.0,06/11/2003,39024.49,,5972.74,ucraia
972.0,19/11/2022,,5641.0,3954.51,Ind
973.0,27/12/1984,4723.34,848.0,6074.6,corea
974.0,27/01/2005,23545.05,257.0,6917.28,rusia
975.0,14/12/2021,19690.25,5870.0,7792.12,NICA
976.0,09/09/1986,37519.34,7200.0,3766.9,ES
977.0,,13554.54,6726.0,2932.86,corea
978.0,07/04/2023,42202.11,6412.0,8033.6,PE CAUSA
979.0,22/02/1983,5168.8,7184.0,6655.06,MEXICO
980.0,25/06/1994,1642.53,1341.0,997.29,argentinaAfganistan
981.0,29/01/1998,13203.21,5115.0,9236.39,nicaragua
982.0,13/06/2007,28043.66,3344.0,9267.21,Canadá
983.0,13/05/2023,31747.44,3264.0,9986.42,UCRANIA
984.0,05/09/1989,27090.28,,4908.0,corea
985.0,09/11/2006,48679.1,6684.0,2155.26,COL
986.0,09/06/2006,39161.07,7985.0,6064.75,mex
987.0,04/11/2012,24785.41,1934.0,4902.83,peruColombia
988.0,06/05/2006,,5577.0,8469.8,colombia
989.0,20/08/1999,16317.14,3018.0,,China
,25/05/2017,6428.27,9143.0,1985.75,ES
991.0,13/08/2023,14556.91,8787.0,5503.77,USA
992.0,,,9506.0,4999.61,colombia
993.0,09/10/2006,36711.15,6756.0,,Peru
994.0,26/11/2000,47393.36,7360.0,,china
995.0,16/06/2019,,3701.0,2400.09,Peru
996.0,02/05/1995,8451.55,2256.0,,mex
997.0,21/09/2009,20769.06,530.0,3160.9,China
998.0,16/06/2005,6698.86,3324.0,6922.78,canada
999.0,20/01/2015,38905.23,6752.0,3003.57,mex
1000.0,26/12/2005,48583.89,2408.0,584.83,NICA
1001.0,15/11/1995,4206.67,6965.0,2789.47,afganistan
1002.0,10/11/1988,48197.79,6817.0,6279.71,ucraia
1003.0,07/08/2020,30006.11,7728.0,6740.78,jap
1004.0,15/06/1987,48840.37,,1130.25,México
1005.0,28/06/1983,21001.95,5670.0,3391.1,mex
1006.0,28/04/1990,44066.53,,851.15,COREA
1007.0,17/02/2002,46046.24,388.0,579.15,India
1008.0,30/04/2001,47743.55,1070.0,1947.67,
1009.0,12/09/2004,42563.96,2665.0,5697.01,corea
1010.0,24/03/2022,15928.66,5706.0,1243.82,España
1011.0,13/02/2012,45777.17,6986.0,8463.38,UCRANIA
1012.0,,,1062.0,6659.28,CHINA
1013.0,16/08/2000,30910.56,6124.0,9496.95,colombia
1014.0,28/01/2007,3680.74,3865.0,3533.97,india
1015.0,,30689.28,291.0,2876.53,mex
1016.0,09/03/2017,19134.96,5823.0,6112.01,nicaragua
,16/06/2010,36464.56,1981.0,1742.56,jap
1018.0,01/12/1984,33906.0,9139.0,5330.4,CHINA
1019.0,29/03/2012,9059.24,90.0,6396.04,España
1020.0,24/01/1991,1717.42,9220.0,3880.64,COL
1021.0,02/10/1991,22388.07,91.0,,us
,02/05/2010,34941.23,5102.0,6913.85,Rusia
1023.0,25/12/2001,9222.37,158.0,6482.14,USA
1024.0,24/11/1997,30869.0,3259.0,349.53,mx
1025.0,17/10/1992,21137.62,7723.0,3907.37,china
1026.0,11/04/2002,11375.58,6480.0,6847.44,ARG
1027.0,,9132.45,6798.0,3325.51,COREA
1028.0,19/01/2002,,,5790.26,Ind
1029.0,13/06/2015,37200.02,5272.0,,japon
1030.0,,8822.87,7920.0,6504.28,RUS
1031.0,01/06/1998,41787.0,8997.0,9441.45,Canadá
1032.0,29/01/2024,30530.2,645.0,7022.74,nicaragua
1033.0,27/06/2006,37622.78,,6249.16,Peru
1034.0,11/09/1992,23543.49,8316.0,887.29,españa
1035.0,12/12/1986,18160.13,7766.0,,CA
1036.0,09/06/2010,36594.77,7727.0,9031.82,Peru
1037.0,22/01/1988,41026.1,3376.0,8236.23,Rusia
1038.0,02/02/1990,33347.98,5888.0,8247.01,corea
1039.0,,39323.58,,4870.04,USA
1040.0,22/07/2013,40175.68,2696.0,1673.07,México
1041.0,06/04/1999,34046.1,7929.0,6620.24,COREA
1042.0,22/07/2003,39471.78,7313.0,5761.2,Japon
1043.0,18/11/1994,9134.53,1161.0,5654.76,corea
1044.0,11/05/2012,,,5064.59,CA
1045.0,23/02/2009,,7116.0,8705.89,peruColombia
1046.0,16/03/2011,19790.7,1135.0,5303.96,Japon
1047.0,07/10/2000,3393.29,5749.0,945.86,jap
1048.0,05/06/2022,14550.68,5493.0,1823.32,peruColombia
1049.0,06/09/2012,29166.57,3258.0,7510.63,afganistan
1050.0,05/03/1993,12661.04,8529.0,7971.58,ucraia
1051.0,07/07/2019,,7389.0,6655.07,PE CAUSA
1052.0,,13125.74,4248.0,3084.93,UCRANIA
1053.0,10/05/2002,48732.42,,107.22,NICA
1054.0,05/03/2013,48263.28,,5106.73,México
1055.0,21/03/1992,43082.8,4020.0,,Canadá
1056.0,01/09/1984,46278.95,8802.0,2891.16,COREA
1057.0,24/02/2023,10000.84,2935.0,624.84,peruColombia
1058.0,13/12/2024,,7006.0,7375.32,jap
1059.0,22/11/2010,28139.74,9467.0,6948.55,nicaragua
1060.0,06/10/1999,2445.99,1171.0,7665.89,Ind
1061.0,08/10/2017,43899.53,7366.0,1009.2,RUS
1062.0,12/06/2004,,,2682.78,
1063.0,23/03/1988,26546.99,5476.0,5147.64,nicaragua
1064.0,30/07/1996,38594.43,5774.0,4906.77,USA
1065.0,24/04/2011,,1752.0,9458.08,
,23/11/2003,48592.45,4307.0,7520.56,CA
1067.0,22/04/2000,39505.02,,1655.04,COREA
1068.0,13/12/2012,6602.82,8059.0,9425.84,rusia
1069.0,28/02/1997,,8042.0,3689.64,argentinaAfganistan
1070.0,16/03/2005,29614.47,7745.0,,china
1071.0,30/08/2006,1009.59,387.0,4654.27,NICA
1072.0,10/08/2007,43843.45,9752.0,,Argentina
1073.0,31/01/1991,1599.68,7351.0,5671.88,afganistan
1074.0,23/07/2019,,2033.0,,UCRANIA
1075.0,18/03/2014,35186.6,1643.0,7540.49,China
1076.0,06/06/1983,5638.16,5634.0,8048.12,afganistan
1077.0,06/04/1984,9002.06,4837.0,,Nicaragua
1078.0,05/09/2010,19973.25,9854.0,,Canadá
1079.0,04/03/2018,49148.81,2699.0,172.26,NICA
1080.0,01/08/1992,44910.32,7354.0,3056.42,Japon
1081.0,06/10/1992,5471.59,4777.0,9544.81,ES
1082.0,,3600.22,762.0,6742.68,ARG
,10/11/2006,3087.97,4511.0,2886.39,canada
1084.0,22/04/2006,,9968.0,1003.66,RUS
1085.0,19/03/2021,,8281.0,2603.98,Ucrania
1086.0,04/05/1991,44718.5,4101.0,9418.76,CHINA
1087.0,20/06/2008,45768.97,,2101.74,corea
1088.0,24/06/1998,48175.11,3111.0,3917.65,colombia
1089.0,,30245.3,8734.0,1244.5,CHINA
1090.0,24/10/2023,5055.9,4246.0,3516.54,India
1091.0,23/02/2010,6338.92,6290.0,,ARG
1092.0,09/06/2008,5353.84,437.0,2432.97,NICA
1093.0,12/06/1997,17853.4,,4925.96,RUS
1094.0,24/05/2021,41419.83,2724.0,9250.73,ES
1095.0,10/02/1987,42476.2,,694.54,
1096.0,03/06/1990,8383.33,8749.0,3854.0,india
1097.0,,,6393.0,1884.63,Canadá
1098.0,19/03/2010,15959.95,555.0,5022.96,Estados Unidos
1099.0,15/10/2009,30499.84,7331.0,4917.4,afganistan
1100.0,21/10/2013,2964.62,7008.0,444.8,USA
1101.0,29/11/2010,43143.02,537.0,8602.79,NICA
1102.0,05/12/1997,17278.94,2760.0,426.15,Ind
1103.0,23/09/2011,31271.1,4817.0,7247.34,Rusia
1104.0,,23842.11,4300.0,9528.57,peruColombia
1105.0,05/09/1996,27321.07,7658.0,,afganistan
1106.0,13/05/2020,11879.38,1651.0,8678.45,Ind
1107.0,27/10/2018,8302.43,3838.0,4792.26,rusia
1108.0,29/01/2023,36252.54,8385.0,8015.18,mx
1109.0,,15371.27,8125.0,3648.44,ARG
1110.0,23/09/2013,31193.39,8243.0,1177.88,afganistan
1111.0,19/10/2023,2809.17,3547.0,,us
1112.0,25/10/2005,34949.69,,8228.96,México
1113.0,23/04/1987,27660.03,9721.0,6542.41,Ucrania
1114.0,09/12/2024,45256.12,4924.0,6300.21,us
1115.0,15/12/1989,32678.47,,6302.63,corea
1116.0,25/02/1986,42199.84,,2464.13,españa
1117.0,13/01/1988,39775.55,3866.0,4519.43,mex
1118.0,08/04/2014,8602.63,194.0,662.43,USA
1119.0,20/12/1991,18603.05,6666.0,3387.82,china
1120.0,25/04/1986,37536.17,8536.0,9701.77,PE CAUSA
1121.0,13/12/1986,37418.35,1871.0,197.2,ucraia
1122.0,23/02/2015,47512.35,5344.0,7257.21,CHINA
1123.0,20/07/2007,19592.96,7444.0,649.14,COL
,03/12/2008,30686.89,9.0,3226.36,Nicaragua
1125.0,,48221.92,4639.0,,RUS
1126.0,12/03/1988,23907.94,9632.0,869.8,PE CAUSA
1127.0,07/02/1995,18391.19,7634.0,4682.38,México
1128.0,06/05/1986,30931.56,2363.0,2826.71,Argentina
1129.0,05/09/2021,18765.0,2526.0,1899.82,rusia
1130.0,23/11/1992,36020.41,2282.0,6784.19,corea
1131.0,24/02/1999,6669.52,5910.0,4348.04,india
1132.0,26/02/2019,41249.42,4262.0,383.49,Peru
1133.0,22/02/1996,13352.39,2021.0,7158.95,
1134.0,18/04/1984,35634.97,2835.0,1361.34,Peru
1135.0,15/10/1997,17578.82,1187.0,9529.47,Peru
1136.0,13/09/1997,4445.5,2795.0,6628.88,China
1137.0,24/08/2019,9599.85,5968.0,3550.89,Rusia
1138.0,16/04/1984,25655.63,9200.0,3118.1,Argentina
1139.0,25/02/1995,39477.35,4033.0,2590.68,Peru
1140.0,,44082.45,9103.0,9570.08,Rusia
1141.0,,33847.02,6226.0,,ucraia
1142.0,06/04/2014,34170.35,7911.0,,jap
1143.0,19/01/1990,15018.94,,7667.06,Canadá
1144.0,24/09/1984,39115.07,5061.0,5352.02,India
1145.0,21/03/2011,12797.18,1183.0,520.76,Ind
1146.0,24/10/2007,46157.84,9668.0,6114.44,españa
,21/07/1985,42716.22,2896.0,8376.64,España
1148.0,04/10/2009,5769.59,5263.0,9903.16,mex
1149.0,18/01/2004,13034.41,3028.0,9402.29,Rusia
1150.0,05/09/1992,32944.66,6425.0,6688.64,india
1151.0,28/05/1995,8222.13,6598.0,7396.33,china
1152.0,14/01/2020,17134.05,4127.0,6580.2,españa
1153.0,10/08/1983,17883.73,5712.0,136.24,España
1154.0,18/12/2016,7199.63,4919.0,682.74,afganistan
1155.0,,46833.95,4580.0,7785.42,China
1156.0,19/01/2018,12695.26,3585.0,9775.93,China
1157.0,18/03/2007,36046.06,9242.0,7462.36,mex
1158.0,24/04/2002,12984.09,4704.0,2413.04,UCRANIA
1159.0,30/07/2024,,1437.0,8404.35,CHINA
1160.0,16/11/2008,,1634.0,6365.51,Canadá
1161.0,,20684.0,5410.0,7695.66,Rusia
1162.0,,16000.75,74.0,8269.1,COREA
1163.0,28/01/2020,36767.8,6096.0,269.02,México
1164.0,13/04/1998,14420.48,9460.0,4104.35,colombia
1165.0,23/02/1984,23838.65,8692.0,9795.75,corea
1166.0,21/05/1985,40567.69,9724.0,3199.18,argentinaAfganistan
1167.0,16/06/1996,29094.95,1404.0,1468.75,AFG
1168.0,20/09/1989,,6578.0,2521.33,colombia
1169.0,14/08/2000,20869.91,7378.0,4839.87,corea
1170.0,02/08/1984,,,6255.37,Rusia
1171.0,06/01/1990,,8400.0,,peruColombia
1172.0,12/10/2008,45454.68,5866.0,6256.92,rusia
1173.0,06/03/1996,48285.11,6109.0,8433.05,peruColombia
1174.0,,6262.91,9019.0,8553.65,ARG
1175.0,01/05/1996,,2998.0,768.13,Canadá
1176.0,01/05/1998,48467.19,9462.0,,COREA
,22/08/2002,36253.76,6173.0,6962.06,china
1178.0,09/05/2022,22210.65,2619.0,7888.67,UCRANIA
1179.0,04/07/2015,,8390.0,8896.22,argentinaAfganistan
1180.0,04/04/1995,38722.65,7127.0,961.15,UCRANIA
1181.0,18/02/2017,5753.7,,4251.84,CA
1182.0,14/11/1995,43709.36,9690.0,524.22,COREA
1183.0,05/08/2017,31879.15,6466.0,4190.5,México
1184.0,02/12/2018,14481.12,2569.0,1340.83,Ind
1185.0,04/10/1986,46200.38,6408.0,5705.54,NICA
1186.0,02/11/2015,12962.76,5800.0,906.03,COL
1187.0,13/02/2000,46917.82,3030.0,3838.38,PE CAUSA
,07/05/1988,,6573.0,,España
1189.0,15/02/2023,2047.8,,570.05,Japon
1190.0,09/07/1990,30314.28,7281.0,8348.97,china
1191.0,07/07/2005,,2853.0,1558.93,España
1192.0,,28490.69,2979.0,8604.25,jap
1193.0,08/08/2009,13398.22,7322.0,280.77,jap
1194.0,,25631.61,9140.0,9036.46,México
1195.0,04/01/1984,30139.19,,337.33,jap
1196.0,19/11/1992,15616.46,8139.0,7667.13,ARG
1197.0,12/11/2024,48659.15,3132.0,1482.68,PE CAUSA
1198.0,21/06/2001,2103.8,5884.0,2263.11,peruColombia
1199.0,01/06/1986,39681.4,2439.0,9522.6,NICA
1200.0,05/03/1989,34386.66,9235.0,,india
1201.0,01/03/2014,,8740.0,6904.78,ES
1202.0,25/12/1994,25811.76,5136.0,3655.12,México
1203.0,12/02/1996,49971.31,,4724.16,CHINA
1204.0,31/03/2022,30494.69,9300.0,8214.52,RUS
1205.0,01/07/1997,11087.94,1187.0,8757.14,
1206.0,24/09/1986,16766.98,7416.0,4046.55,NICA
1207.0,18/12/1992,15524.44,4348.0,9501.28,Estados Unidos
1208.0,13/05/1987,11505.47,8189.0,9649.94,USA
1209.0,20/05/2000,2366.48,3310.0,345.79,ES
1210.0,09/08/1983,45390.65,3335.0,3490.51,india
1211.0,06/07/2003,32856.1,6128.0,8389.99,argentinaAfganistan
1212.0,06/12/1998,28289.19,7346.0,3681.06,UCRANIA
1213.0,19/07/1988,6462.38,7660.0,,México
1214.0,05/10/2001,12851.88,6550.0,1333.34,peruColombia
1215.0,22/04/1992,34466.03,2143.0,1331.46,Ind
1216.0,08/09/2007,7378.33,9941.0,1180.26,RUS
1217.0,10/11/2023,21124.88,1097.0,1853.9,argentinaAfganistan
1218.0,02/02/1988,33851.2,7508.0,9475.25,India
1219.0,05/07/2016,6854.31,,5151.39,China
1220.0,28/06/2014,14037.36,6594.0,6253.27,India
1221.0,02/12/2005,5686.52,2120.0,2775.24,Peru
1222.0,21/01/2024,33657.12,557.0,,CA
1223.0,17/09/2015,36403.04,1971.0,,jap
1224.0,01/10/2022,17130.77,807.0,9230.28,Ind
1225.0,,46318.19,5143.0,7821.25,ES
1226.0,13/10/2016,22243.73,7856.0,8022.59,ucraia
1227.0,19/10/2024,22776.53,2848.0,,Estados Unidos
1228.0,12/02/2013,,,8062.29,nicaragua
1229.0,12/02/2009,49883.87,6045.0,8316.0,PE CAUSA
1230.0,14/08/2002,14971.21,9978.0,7652.28,india
1231.0,24/08/2000,,2648.0,8556.2,COL
1232.0,02/11/2017,25962.04,6782.0,5580.4,CHINA
1233.0,16/04/2009,12644.04,3510.0,6803.57,PE CAUSA
1234.0,23/09/2012,12880.03,2381.0,4150.92,CHINA
1235.0,02/02/1995,5318.8,8402.0,7076.51,CHINA
1236.0,20/06/1999,,4277.0,8489.85,Nicaragua
1237.0,14/07/2012,31807.36,6334.0,6529.51,china
1238.0,09/09/1996,28654.03,8916.0,6285.09,Argentina
1239.0,18/01/1984,15692.53,,931.49,CHINA
1240.0,22/06/1990,44640.38,5811.0,1576.91,COREA
1241.0,23/09/2012,,8213.0,2726.52,España
1242.0,11/12/1992,23927.24,7844.0,2537.5,NICA
1243.0,23/12/2013,24258.38,4873.0,8348.76,rusia
1244.0,06/11/2006,16407.84,3948.0,1801.47,NICA
1245.0,16/07/2009,26762.79,6141.0,6939.1,Rusia
1246.0,02/05/2014,36043.72,4854.0,6975.88,corea
1247.0,09/06/1990,30464.62,623.0,8270.48,MEXICO
,29/07/1988,47037.66,5412.0,4308.87,
1249.0,05/03/1996,38486.36,727.0,8774.96,rusia
1250.0,11/07/1989,35389.78,9658.0,2705.89,Japon
1251.0,05/03/2009,,8440.0,2310.31,ES
1252.0,08/08/2002,6697.15,5614.0,245.21,corea
1253.0,03/12/1997,5237.84,4935.0,,argentinaAfganistan
1254.0,,19074.4,6647.0,6160.45,japon
1255.0,15/06/1988,9563.2,857.0,8723.44,nicaragua
1256.0,10/11/2000,30344.5,5721.0,7061.73,Peru
1257.0,22/02/2018,32459.95,8704.0,1235.82,RUS
1258.0,30/04/2008,36925.56,,4747.88,japon
1259.0,16/03/1984,48396.04,7059.0,284.14,Nicaragua
1260.0,26/08/2022,14319.96,8276.0,713.49,AFG
1261.0,07/03/2020,,1199.0,8338.78,MEXICO
1262.0,21/11/1999,3580.5,788.0,388.34,jap
1263.0,22/12/2009,48355.21,,4636.89,RUS
1264.0,30/06/1990,24354.13,8736.0,8565.93,USA
1265.0,15/12/2002,27688.07,,5395.17,corea
1266.0,20/04/2001,9419.19,6467.0,7212.18,España
1267.0,20/01/2006,,7126.0,696.86,PE CAUSA
1268.0,23/09/2008,33306.6,1881.0,2714.03,ARG
1269.0,19/08/2024,17850.73,2231.0,9244.28,mx
1270.0,,47465.84,7609.0,3943.49,ucraia
1271.0,,11178.36,1712.0,,china
1272.0,17/12/2001,15529.04,3928.0,8758.81,Argentina
1273.0,15/08/1985,41361.73,2682.0,221.53,India
1274.0,10/03/2021,2063.42,7851.0,2527.47,china
1275.0,,13072.01,3495.0,1274.25,MEXICO
1276.0,11/01/1999,25884.23,2144.0,6980.11,AFG
1277.0,01/06/1990,23065.82,4683.0,,china
1278.0,15/10/1998,1240.31,4788.0,4885.91,rusia
1279.0,,19311.53,4943.0,2653.82,canada
1280.0,06/08/2007,8360.94,7719.0,4113.63,USA
1281.0,26/08/2012,20903.03,1148.0,4373.74,México
1282.0,05/01/1985,28823.29,8086.0,8689.06,China
1283.0,08/07/2010,,7123.0,3394.37,España
1284.0,23/05/1990,14183.18,3841.0,5117.08,USA
1285.0,28/09/2013,30740.64,5694.0,2530.48,india
1286.0,,12097.82,,9701.29,USA
1287.0,02/02/1990,45523.73,5393.0,2938.4,mex
1288.0,26/03/2024,18169.83,7929.0,,corea
1289.0,16/07/2024,47814.0,2477.0,8872.52,ES
1290.0,,20579.47,5484.0,,España
1291.0,08/06/2018,25763.65,,,ES
1292.0,22/04/1991,7674.77,2378.0,2766.67,CHINA
,09/08/2000,15560.83,1456.0,2979.14,canada
1294.0,13/08/2024,28006.8,4338.0,2501.04,nicaragua
1295.0,13/09/2023,30636.55,5852.0,287.39,Japon
1296.0,25/02/2012,28098.38,7065.0,9318.91,china
1297.0,25/07/1991,,6506.0,7133.42,india
,26/10/1994,23709.95,616.0,2525.21,India
1299.0,03/05/2012,5779.11,208.0,7902.42,México
1300.0,30/12/1997,40464.24,1568.0,,ES
1301.0,,17325.75,2974.0,6967.98,china
1302.0,12/11/2023,6842.86,8318.0,,USA
1303.0,22/06/2016,12959.27,1315.0,4053.07,RUS
1304.0,05/11/1984,28250.29,3036.0,921.76,corea
1305.0,21/03/1999,6980.49,,2631.86,PE CAUSA
1306.0,25/10/2014,49225.2,,,china
1307.0,21/12/1998,15297.05,7116.0,2549.51,Nicaragua
1308.0,02/02/2005,31981.33,3481.0,8653.61,mx
1309.0,16/01/2017,26273.13,5345.0,2720.77,UCRANIA
1310.0,29/10/2010,6361.92,5793.0,3359.65,mex
1311.0,20/10/1990,18635.65,7727.0,1219.1,jap
1312.0,15/07/2016,7486.73,1736.0,7213.01,us
1313.0,17/03/2006,40040.36,,5397.29,Ind
1314.0,12/08/2009,38234.95,958.0,,nicaragua
1315.0,03/03/1991,29623.55,6863.0,6203.47,peruColombia
1316.0,25/02/2024,24137.67,4826.0,5846.94,NICA
1317.0,20/06/2014,18059.62,2847.0,3333.71,mex
1318.0,07/06/2021,16704.92,1237.0,1417.73,peruColombia
1319.0,13/06/2024,16567.87,6254.0,5808.47,CHINA
1320.0,29/09/1992,15920.42,3482.0,4986.04,argentinaAfganistan
1321.0,16/02/1995,38253.64,192.0,3790.01,corea
1322.0,31/08/2002,16899.01,9917.0,9555.66,Ucrania
1323.0,11/07/2019,47490.73,4428.0,,afganistan
1324.0,06/06/2002,22967.01,7508.0,3690.88,AFG
1325.0,13/03/2010,14380.24,9787.0,4196.43,rusia
1326.0,07/09/2008,23694.42,8750.0,4794.8,argentinaAfganistan
1327.0,24/12/2021,49707.46,4925.0,664.11,canada
1328.0,23/06/2004,16142.14,5477.0,7832.99,corea
1329.0,24/06/2004,45451.92,912.0,4927.28,COREA
1330.0,30/01/1990,30131.44,563.0,1286.03,mex
1331.0,25/02/1987,28886.07,196.0,7388.42,CA
1332.0,11/04/2011,8458.06,487.0,8780.88,Peru
1333.0,30/07/1994,18799.6,3789.0,3384.68,AFG
1334.0,,25675.94,8536.0,5872.22,afganistan
1335.0,02/08/2024,42380.57,8804.0,1663.89,USA
1336.0,05/02/2009,11391.15,,2160.0,Peru
1337.0,14/05/2011,10345.94,8135.0,7474.93,Ind
1338.0,11/01/2022,30848.29,2723.0,7635.77,USA
1339.0,02/08/2011,25737.97,1551.0,3999.97,PE CAUSA
1340.0,09/06/1996,,158.0,,Ucrania
1341.0,11/09/1990,37491.81,3552.0,959.18,AFG
1342.0,20/05/1994,,2547.0,9654.53,ES
1343.0,16/07/1987,,9255.0,644.01,canada
1344.0,03/08/2018,38024.33,9981.0,4730.41,corea
1345.0,23/03/2011,44875.23,1559.0,2797.44,RUS
1346.0,04/01/1994,32642.74,6839.0,7297.14,us
1347.0,10/10/2003,5408.04,6100.0,7153.73,corea
1348.0,,17648.89,9447.0,,Peru
1349.0,09/06/1985,29235.23,9451.0,4679.07,japon
1350.0,12/03/1986,3132.17,3654.0,4077.2,USA
1351.0,03/09/2008,40143.32,3061.0,9312.31,canada
1352.0,16/12/1999,16867.1,8564.0,9972.17,COL
1353.0,01/12/1996,16634.04,5786.0,7113.44,Nicaragua
1354.0,,32072.23,1026.0,6546.75,colombia
1355.0,31/12/2013,15396.25,4987.0,432.57,afganistan
1356.0,22/01/2006,28938.5,9138.0,2252.56,AFG
1357.0,23/08/2007,,2714.0,9106.37,CA
1358.0,13/08/2008,37738.74,4775.0,877.25,ES
,19/09/1991,10085.34,3336.0,8036.53,peruColombia
1360.0,24/08/1988,45999.16,4540.0,4201.09,Estados Unidos
1361.0,16/10/2015,12555.92,3303.0,5248.85,RUS
1362.0,31/01/2005,13355.03,8154.0,5911.09,RUS
1363.0,21/09/1989,14577.7,787.0,129.55,nicaragua
1364.0,28/04/1996,36053.59,9741.0,,Nicaragua
1365.0,02/01/2005,40205.39,442.0,5208.89,México
1366.0,12/09/2019,9048.71,,5643.09,Nicaragua
1367.0,07/08/1993,47559.26,7647.0,2053.03,peruColombia
1368.0,28/02/1993,4575.24,5279.0,4784.46,USA
1369.0,25/03/2010,21739.4,9050.0,2135.13,AFG
1370.0,08/01/1997,10736.53,6060.0,7994.8,ES
1371.0,17/08/1991,14848.39,5562.0,3723.16,mx
1372.0,22/11/1996,33365.12,536.0,8490.95,rusia
1373.0,09/08/1996,3909.92,,7888.23,NICA
1374.0,16/10/2020,23142.12,1140.0,8268.82,México
1375.0,22/08/1985,,7133.0,,china
1376.0,10/11/2017,47814.13,8184.0,5484.15,colombia
1377.0,,36265.01,9929.0,1942.55,japon
1378.0,27/10/2021,10134.95,346.0,1764.03,Japon
1379.0,23/02/2018,25096.75,2617.0,4712.13,Canadá
1380.0,24/08/1991,,7291.0,9276.57,corea
1381.0,,,6612.0,,us
1382.0,09/05/1998,27139.04,4700.0,3664.14,mex
1383.0,08/05/1990,18358.23,4626.0,2436.74,NICA
1384.0,06/05/1998,48285.57,3293.0,2924.09,Estados Unidos
1385.0,28/09/2002,45008.4,8323.0,8442.88,ucraia
,14/04/2001,14577.26,2165.0,2558.13,Canadá
1387.0,06/05/1995,8078.09,3234.0,1670.31,nicaragua
1388.0,14/11/1989,17746.96,5003.0,,ARG
1389.0,12/01/1989,35400.84,8956.0,5426.01,Canadá
1390.0,11/06/1993,12532.31,7247.0,,ARG
1391.0,07/06/1985,10906.47,4063.0,6356.02,Canadá
1392.0,07/02/2019,45905.63,,7784.6,ucraia
1393.0,31/12/1986,9144.85,8345.0,3594.14,mex
1394.0,01/06/2019,41645.04,4095.0,9373.22,ARG
1395.0,,22696.17,6558.0,395.87,ucraia
1396.0,20/06/1995,27761.86,558.0,7330.51,RUS
1397.0,12/07/1999,,4059.0,6859.96,us
1398.0,28/08/2002,39798.75,9568.0,1482.42,japon
1399.0,,27632.64,3935.0,7770.62,mx
1400.0,11/12/2021,37847.05,2028.0,1455.03,ARG
1401.0,07/09/1989,19004.32,6391.0,5645.18,peruColombia
1402.0,17/05/1984,33299.64,5040.0,1290.65,canada
1403.0,11/12/2007,25115.31,9819.0,,china
1404.0,,,282.0,2729.47,india
1405.0,05/03/2018,27479.13,,9029.38,afganistan
1406.0,09/10/1990,7754.54,3207.0,2885.21,COL
1407.0,,40785.6,,8421.86,PE CAUSA
1408.0,23/12/1999,16746.28,2226.0,7214.3,Japon
1409.0,,42651.5,1444.0,2939.36,MEXICO
1410.0,24/03/2025,37868.66,8835.0,6917.93,Estados Unidos
1411.0,14/12/2021,8181.17,3867.0,,mx
1412.0,22/03/1999,39280.01,8671.0,8338.93,Peru
1413.0,16/03/2013,4853.19,9732.0,8037.71,Argentina
1414.0,11/06/2011,33997.61,,4189.85,corea
1415.0,04/01/1998,3217.6,5543.0,1692.52,Peru
1416.0,11/11/2018,,6677.0,7902.5,china
1417.0,04/05/2023,4528.27,4254.0,9561.43,UCRANIA
1418.0,08/10/1999,,6608.0,9614.92,corea
1419.0,11/04/2018,27166.22,5404.0,590.34,USA
1420.0,24/12/2005,4597.45,6200.0,2319.56,COREA
1421.0,,31362.86,3856.0,8629.51,España
1422.0,08/11/2007,49406.92,1400.0,9969.8,ucraia
1423.0,12/05/2022,,2725.0,8949.43,corea
1424.0,21/01/2015,36421.04,,8354.36,mex
1425.0,10/12/2013,4131.26,,5883.0,Estados Unidos
1426.0,28/06/1994,32705.64,6193.0,8955.63,mex
1427.0,28/04/2009,16762.1,7432.0,2292.55,nicaragua
1428.0,17/07/2006,32385.17,8678.0,6929.6,RUS
1429.0,12/04/1992,31219.77,171.0,6690.14,Peru
1430.0,08/06/1984,32978.97,,9311.99,rusia
1431.0,20/10/1983,28957.19,5161.0,4235.98,corea
1432.0,,42418.36,7910.0,4347.14,China
1433.0,17/01/2007,,5794.0,1061.82,España
1434.0,15/03/2025,42408.42,9427.0,3358.43,españa
1435.0,06/06/1987,48484.94,496.0,3029.3,India
1436.0,08/11/2019,2477.63,9425.0,4300.5,AFG
1437.0,03/09/1996,28600.62,5109.0,9964.71,
,28/04/2003,8834.19,4411.0,8678.87,India
1439.0,20/12/1983,29562.55,1115.0,8997.33,jap
1440.0,,24486.25,,2114.45,colombia
1441.0,10/04/2018,15014.94,3173.0,5165.53,corea
1442.0,19/01/1993,40432.78,133.0,,UCRANIA
1443.0,01/02/1997,36879.0,,914.39,argentinaAfganistan
1444.0,08/09/2008,8385.69,1661.0,2223.74,Estados Unidos
1445.0,24/02/2025,44570.53,6465.0,6387.51,canada
1446.0,14/08/1995,12540.07,598.0,5671.07,AFG
1447.0,04/04/2022,22172.04,7094.0,4778.56,us
1448.0,12/05/2006,47879.99,1411.0,845.97,afganistan
1449.0,21/09/2010,19389.26,4461.0,2723.8,ES
1450.0,31/01/1996,42361.96,8339.0,9229.11,nicaragua
1451.0,04/03/2022,1931.14,2729.0,5751.66,Canadá
1452.0,,25395.74,3682.0,,afganistan
1453.0,26/05/1985,,,7180.91,UCRANIA
1454.0,01/12/1995,26852.7,356.0,5699.93,USA
1455.0,13/12/1993,32496.05,7280.0,3133.03,argentinaAfganistan
1456.0,08/04/2017,,9400.0,123.72,Nicaragua
1457.0,12/06/2000,9237.2,1397.0,6354.45,españa
1458.0,23/07/1999,45300.75,183.0,799.27,UCRANIA
1459.0,15/02/2021,5579.43,2491.0,6190.71,CHINA
1460.0,,20467.13,,8795.3,corea
1461.0,08/09/1999,10202.09,4973.0,525.79,peruColombia
1462.0,12/02/1994,,3300.0,2420.12,COREA
1463.0,22/08/1985,40739.08,9940.0,1069.32,canada
1464.0,13/12/2015,49603.83,2980.0,4299.56,canada
1465.0,08/01/1993,26700.67,4175.0,4106.67,canada
,14/09/2017,40235.78,4242.0,5388.29,España
1467.0,09/09/2020,44766.92,1695.0,4371.07,ARG
1468.0,24/08/2024,7379.23,2180.0,6798.04,colombia
1469.0,21/10/1992,9625.38,3334.0,6806.84,china
1470.0,17/01/1996,23331.93,2106.0,2639.49,China
1471.0,30/10/2000,32100.75,,3192.49,nicaragua
1472.0,02/06/2001,30293.6,3761.0,,Peru
1473.0,28/10/2006,,2985.0,2040.01,Rusia
1474.0,28/03/2019,32623.78,5802.0,3969.61,india
1475.0,27/07/2007,4954.19,7340.0,3996.21,UCRANIA
1476.0,06/02/2018,35209.45,972.0,5266.82,Argentina
1477.0,06/09/2000,1348.38,5601.0,9251.37,peruColombia
1478.0,11/04/1990,49255.12,5831.0,545.15,us
1479.0,04/08/2004,,4183.0,2950.15,corea
1480.0,01/02/2010,17679.62,,8764.45,ucraia
1481.0,15/04/2020,29694.84,3618.0,7027.56,españa
1482.0,28/07/2008,21683.31,8488.0,2150.6,mex
1483.0,,2598.08,,6277.13,Ind
1484.0,29/01/1993,27346.12,9897.0,6269.17,COREA
1485.0,,35036.83,8631.0,5901.26,RUS
1486.0,09/04/1994,,4909.0,8540.9,
1487.0,29/07/1993,46834.4,3406.0,7541.47,canada
1488.0,20/02/2003,27330.69,649.0,3827.99,canada
1489.0,12/02/1995,38843.15,2558.0,1210.86,USA
1490.0,20/10/2011,3703.54,,8626.95,corea
1491.0,10/07/2014,35856.06,6760.0,4918.89,China
1492.0,04/03/1993,,9609.0,2539.95,nicaragua
1493.0,,44240.06,,4300.09,Estados Unidos
1494.0,30/11/2004,7560.19,3111.0,3931.09,España
1495.0,05/01/2002,35167.63,5983.0,673.57,México
1496.0,,14800.76,,604.89,México
1497.0,29/08/2019,36626.42,3742.0,5331.56,COREA
1498.0,23/02/2010,2361.93,4502.0,9656.4,RUS
1499.0,11/08/2024,20202.86,6291.0,,COL
1500.0,,31228.02,4625.0,3594.66,Argentina
1501.0,,40195.13,3587.0,7720.76,Argentina
1502.0,05/11/1995,,5099.0,7428.56,Nicaragua
1503.0,09/03/1998,39161.54,625.0,250.53,ARG
1504.0,02/02/2001,,9351.0,4159.37,ARG
1505.0,19/05/1991,21863.83,8175.0,912.19,RUS
1506.0,18/07/1984,38217.01,8072.0,412.32,USA
1507.0,16/08/2013,5109.42,,7439.78,China
1508.0,06/05/2016,,9555.0,4669.4,USA
1509.0,24/01/2024,,3839.0,4663.91,ARG
1510.0,16/04/2008,5109.1,2756.0,8648.94,nicaragua
1511.0,28/03/2012,11451.71,5628.0,8297.09,españa
1512.0,21/05/2011,42336.66,,,us
1513.0,05/02/2002,,6126.0,3608.72,españa
1514.0,12/10/1992,1582.9,2526.0,5448.42,COREA
1515.0,07/02/2013,16633.01,6293.0,7864.88,USA
1516.0,08/11/2016,11515.83,6425.0,121.15,ES
1517.0,15/12/2006,17563.76,566.0,9174.18,mx
1518.0,15/06/2004,43085.14,8662.0,9380.28,corea
1519.0,25/09/1993,33910.71,5074.0,6497.45,Nicaragua
1520.0,10/02/1998,5367.58,6404.0,3173.19,AFG
1521.0,04/02/2025,42788.93,1712.0,3935.32,colombia
1522.0,19/12/1995,22941.06,3301.0,1640.07,USA
1523.0,29/03/1988,45458.46,1543.0,9899.34,CA
1524.0,04/02/1999,35708.68,5295.0,6877.78,CA
1525.0,16/09/2008,,3436.0,,india
1526.0,20/10/1998,11366.81,9934.0,7482.57,PE CAUSA
1527.0,13/10/1993,20136.59,2062.0,,Estados Unidos
1528.0,13/11/1985,27498.15,1754.0,8616.75,ucraia
1529.0,26/04/2011,25825.16,,5050.95,argentinaAfganistan
1530.0,17/12/2005,33455.83,9426.0,4172.39,México
,15/11/2007,15208.19,8466.0,4383.65,CHINA
1532.0,03/05/1992,23253.52,6027.0,3014.39,mx
1533.0,12/05/2005,39695.36,5817.0,7987.46,argentinaAfganistan
1534.0,,,,368.28,Ucrania
1535.0,07/10/1993,49052.56,3932.0,255.82,RUS
1536.0,23/08/1997,42211.0,4073.0,9095.06,
1537.0,,14216.33,551.0,3883.28,argentinaAfganistan
1538.0,30/04/1984,37306.68,2568.0,4891.92,COL
1539.0,03/01/2018,36633.68,2385.0,5980.76,china
1540.0,02/05/2023,34285.37,893.0,647.29,rusia
1541.0,21/03/2009,14427.28,3773.0,9925.12,us
1542.0,03/09/1999,22209.56,2920.0,,COREA
1543.0,25/10/2021,35584.77,4736.0,9328.81,ARG
1544.0,10/10/2001,,8906.0,958.3,PE CAUSA
1545.0,05/04/2024,28570.23,9182.0,,RUS
1546.0,22/12/1994,,1820.0,8051.25,Japon
1547.0,09/07/2016,11349.43,6924.0,7613.79,argentinaAfganistan
1548.0,08/06/1997,42852.15,7190.0,3686.82,China
1549.0,21/12/2016,,4321.0,9200.81,canada
1550.0,11/08/1994,35624.67,,,Canadá
1551.0,16/07/2019,3895.63,3345.0,9273.47,us
1552.0,25/11/2013,43874.06,7881.0,3747.93,Nicaragua
1553.0,01/05/2016,,,,peruColombia
1554.0,,10143.84,4349.0,2507.84,Argentina
1555.0,19/08/1996,4473.75,5282.0,7794.96,CHINA
1556.0,09/06/2005,13135.38,3868.0,9444.95,España
1557.0,02/01/2014,32495.38,1652.0,1243.73,Rusia
1558.0,30/06/2000,4066.05,8872.0,1243.96,ARG
,10/09/2011,26904.97,2951.0,6452.99,AFG
1560.0,16/10/2012,42429.03,7264.0,8318.39,rusia
1561.0,08/02/2019,2788.77,4191.0,3069.2,argentinaAfganistan
1562.0,28/05/2004,42228.61,5306.0,9326.84,USA
1563.0,21/03/1989,45625.59,5650.0,4139.85,Ucrania
1564.0,08/11/2018,2267.37,7714.0,9461.9,us
1565.0,13/01/2017,32140.66,1876.0,1787.72,USA
,14/12/1994,47508.67,617.0,,Argentina
1567.0,25/03/2024,40214.62,1699.0,825.61,us
1568.0,25/06/2017,26383.36,,7286.42,Canadá
1569.0,31/10/1994,43873.92,8157.0,5932.74,afganistan
1570.0,08/07/2023,,4814.0,360.27,México
1571.0,03/07/1986,43298.96,80.0,220.92,
1572.0,,21719.31,2378.0,5793.64,canada
1573.0,05/02/2005,20348.86,6030.0,7454.52,corea
1574.0,,,9926.0,9009.32,canada
1575.0,21/01/2015,44707.12,9948.0,7536.67,AFG
1576.0,28/09/2019,39204.04,7887.0,5733.16,UCRANIA
1577.0,04/02/2007,7942.8,9088.0,6182.24,argentinaAfganistan
1578.0,06/02/2020,29088.98,6957.0,8908.37,afganistan
1579.0,20/05/2012,27762.28,2432.0,1383.82,Peru
1580.0,14/06/2010,48006.35,4476.0,8581.03,Ucrania
,,46053.11,4002.0,777.48,COL
1582.0,02/02/2010,49190.66,198.0,2923.92,Canadá
1583.0,03/09/2024,23395.58,4621.0,5883.71,COREA
1584.0,07/07/2012,,8219.0,596.63,PE CAUSA
1585.0,30/10/1983,22048.04,8698.0,1808.79,india
1586.0,25/08/1990,29125.0,4352.0,3704.6,
1587.0,13/08/2008,15096.37,,3910.82,corea
1588.0,05/01/2004,4000.13,,9074.65,UCRANIA
1589.0,23/02/2025,19851.73,1847.0,6343.92,AFG
1590.0,12/06/1993,2342.13,6420.0,5045.35,España
1591.0,17/10/1992,31117.9,462.0,7760.13,AFG
1592.0,,35504.59,1864.0,,rusia
1593.0,06/10/1985,16691.92,6851.0,9150.72,rusia
1594.0,24/03/2008,33724.66,7586.0,829.24,argentinaAfganistan
1595.0,23/04/2011,42075.32,9860.0,5044.8,nicaragua
1596.0,07/08/1998,42840.89,1409.0,,india
1597.0,07/10/2001,19515.01,5020.0,2878.35,AFG
1598.0,17/05/2001,31348.35,5286.0,1189.84,COREA
1599.0,,33013.21,9246.0,2887.56,ES
1600.0,17/05/1984,23478.16,2707.0,3714.81,españa
1601.0,01/04/1997,46484.23,,4063.74,Ucrania
1602.0,12/02/1994,10088.59,4346.0,3027.91,CHINA
1603.0,30/09/1985,43944.5,9939.0,9029.45,Estados Unidos
1604.0,23/03/1987,3378.26,4080.0,1092.58,japon
1605.0,04/06/2004,12811.42,4598.0,1911.06,china
1606.0,30/12/2018,,4923.0,4173.38,jap
1607.0,01/06/2004,14174.49,4295.0,,us
1608.0,05/12/2004,22971.13,9563.0,5817.27,nicaragua
1609.0,20/07/2023,,4656.0,8988.85,Ucrania
1610.0,06/11/2024,11369.27,1867.0,3510.58,UCRANIA
1611.0,19/06/1984,35726.71,105.0,,españa
1612.0,01/09/2010,43790.61,6461.0,,ES
1613.0,13/08/1990,16803.61,5697.0,5844.44,china
1614.0,13/09/2017,42057.51,1385.0,1893.9,MEXICO
1615.0,08/08/1996,15385.32,,7103.3,mex
1616.0,27/02/1996,34588.28,467.0,642.99,japon
1617.0,21/07/2021,8506.87,,3453.1,España
1618.0,21/05/1988,12346.6,5872.0,3848.98,us
1619.0,14/02/1998,45023.1,8535.0,7820.83,India
1620.0,06/07/2017,5323.72,5412.0,,MEXICO
1621.0,27/04/2012,27965.24,7639.0,6015.97,Peru
1622.0,20/03/1990,34814.08,404.0,1860.69,afganistan
1623.0,12/05/2019,24222.84,,,Canadá
1624.0,31/08/2012,29964.22,8061.0,1033.16,AFG
1625.0,04/04/2006,38631.28,1549.0,3522.85,NICA
1626.0,19/12/2005,15514.34,3744.0,5826.4,
1627.0,28/10/2000,33086.49,9221.0,4901.85,ucraia
1628.0,25/05/2022,44898.99,5219.0,,india
1629.0,03/09/2016,,6503.0,209.27,PE CAUSA
1630.0,05/02/2004,5164.48,,4994.94,nicaragua
1631.0,28/11/2002,8917.9,9662.0,4503.36,Nicaragua
1632.0,16/11/2018,26055.33,8551.0,235.55,rusia
1633.0,13/08/1983,38049.72,3594.0,1824.18,
1634.0,24/11/2021,39768.53,8912.0,4389.22,Ucrania
1635.0,27/12/1993,1543.45,6228.0,4416.2,India
1636.0,,15130.11,179.0,,AFG
1637.0,20/06/2006,29136.95,3856.0,133.08,canada
1638.0,12/01/1991,26282.45,4837.0,8530.26,peruColombia
1639.0,29/08/2009,42781.87,8140.0,,China
,27/11/2011,,4981.0,1333.12,china
1641.0,06/05/1984,11760.92,2348.0,6576.49,Peru
1642.0,15/03/1984,48311.99,4395.0,2451.13,
1643.0,18/02/2017,35044.83,4629.0,8918.33,rusia
1644.0,12/08/1995,16253.61,6838.0,2906.78,ARG
1645.0,03/10/2013,33368.58,8682.0,4914.61,Ucrania
1646.0,03/06/2018,29452.05,3351.0,7009.88,mex
1647.0,23/03/1995,20771.88,9269.0,2179.61,japon
1648.0,01/02/2002,34403.17,4430.0,9537.57,México
1649.0,08/12/1996,16445.3,451.0,8969.23,nicaragua
1650.0,08/08/2012,22103.66,6568.0,4124.49,corea
1651.0,23/01/2004,23604.61,1926.0,5233.97,Japon
1652.0,24/10/2012,15506.23,8383.0,386.35,colombia
1653.0,26/02/2005,40309.14,7123.0,6501.65,Ucrania
1654.0,11/11/1992,8839.66,7040.0,,Ind
1655.0,27/11/1994,17372.71,8134.0,1458.66,CHINA
1656.0,08/01/1989,31123.52,4346.0,4637.68,Ucrania
1657.0,19/09/2014,46461.65,6163.0,2148.06,españa
1658.0,09/11/2020,18513.71,6601.0,,colombia
1659.0,,49532.34,9058.0,5001.82,CA
1660.0,,6731.95,4865.0,1853.29,Estados Unidos
1661.0,19/06/2006,20227.36,1128.0,1088.72,CHINA
1662.0,09/06/1991,,6594.0,9241.13,China
1663.0,14/07/2015,10173.8,9418.0,1227.14,Ind
1664.0,,21562.44,347.0,9444.59,España
1665.0,,10680.36,2342.0,9598.27,USA
1666.0,,31699.98,4098.0,3511.0,Rusia
1667.0,11/08/2010,38662.92,6725.0,3055.18,Ind
1668.0,16/03/2023,30384.83,,4712.35,Argentina
1669.0,,2548.46,4696.0,2076.87,China
1670.0,02/04/1999,6427.24,6361.0,7014.23,CA
1671.0,27/02/2022,,8156.0,9711.91,afganistan
1672.0,18/07/1999,28361.42,9006.0,4374.9,PE CAUSA
1673.0,08/02/1984,9507.22,2566.0,8021.41,China
1674.0,10/10/2013,26446.13,4007.0,,USA
1675.0,08/07/2019,45495.92,7016.0,904.88,AFG
1676.0,08/06/2017,24776.92,4610.0,670.88,mex
1677.0,24/07/2006,4549.08,7527.0,9193.72,china
1678.0,09/05/2017,45380.14,3616.0,7528.65,COL
1679.0,21/08/1986,4130.58,8177.0,2682.39,japon
1680.0,16/05/2016,13052.67,9117.0,6716.09,
1681.0,07/02/2020,7651.75,4264.0,9471.26,España
,01/06/1993,,,3704.74,AFG
1683.0,12/03/2024,35525.24,5389.0,2514.91,rusia
1684.0,27/10/1991,48456.53,7621.0,4780.56,colombia
1685.0,,22838.9,5378.0,7105.39,Nicaragua
1686.0,27/11/2019,,5543.0,8009.03,PE CAUSA
1687.0,21/09/1998,15030.4,5640.0,9973.91,
1688.0,,43337.61,29.0,6149.21,Peru
1689.0,25/05/1989,46237.97,3588.0,2378.86,jap
1690.0,24/05/2008,14136.09,7430.0,1603.6,CHINA
1691.0,06/04/1983,22180.83,2426.0,514.2,ARG
1692.0,19/04/1987,38885.38,5915.0,4997.28,India
1693.0,28/11/2016,47810.37,9307.0,8273.9,MEXICO
1694.0,30/10/2007,32663.0,2412.0,2265.0,Nicaragua
1695.0,22/03/1985,34810.66,6229.0,2692.0,Ucrania
1696.0,25/11/1993,49253.36,8313.0,4139.89,COREA
1697.0,,8617.97,5132.0,4183.31,mx
1698.0,24/07/2021,21631.17,,2220.36,MEXICO
1699.0,12/05/2023,14406.16,8183.0,5588.62,colombia
1700.0,20/11/2024,23153.17,5241.0,,corea
1701.0,25/03/2007,7045.07,8422.0,942.2,Japon
1702.0,03/03/2004,43561.77,6349.0,,colombia
1703.0,18/12/1998,,6749.0,6467.86,AFG
1704.0,29/06/1994,9071.15,6288.0,7291.77,Nicaragua
1705.0,,24791.02,9575.0,5713.73,PE CAUSA
1706.0,,34124.86,9456.0,5817.78,USA
1707.0,02/07/1983,7292.86,7913.0,602.89,Estados Unidos
1708.0,14/05/1983,38121.53,6494.0,,nicaragua
1709.0,20/04/1989,43246.47,1550.0,6278.97,argentinaAfganistan
1710.0,06/04/2010,38769.4,6820.0,8029.47,rusia
,,20622.57,2751.0,4235.08,peruColombia
1712.0,12/08/2017,15163.88,7120.0,7769.18,mex
1713.0,,34181.92,7186.0,4979.37,China
1714.0,27/04/1985,,8741.0,1495.73,Peru
1715.0,20/04/2021,,7107.0,7528.56,canada
1716.0,29/07/2021,30649.62,9836.0,8697.64,RUS
1717.0,29/10/1989,,,9693.65,
1718.0,01/12/2005,,3648.0,4174.72,rusia
1719.0,12/08/1984,10841.6,7996.0,,china
1720.0,02/10/2018,34308.24,1793.0,6614.61,china
1721.0,29/02/2024,7430.4,3930.0,6986.84,CHINA
1722.0,13/03/2006,2414.54,3559.0,5009.45,peruColombia
1723.0,16/05/2005,30675.02,,8519.64,España
1724.0,27/11/2023,13497.65,4734.0,7861.47,corea
1725.0,05/03/2014,,2736.0,8638.47,us
1726.0,25/04/2005,30752.0,6318.0,558.09,COREA
1727.0,08/11/2017,45110.38,3566.0,4985.72,México
,03/04/2011,7410.09,1134.0,,china
1729.0,15/03/1991,18911.29,2694.0,3089.66,UCRANIA
1730.0,17/03/1986,20377.59,571.0,7722.3,Ucrania
1731.0,23/11/1992,5237.32,1080.0,3499.66,UCRANIA
1732.0,09/05/1997,43971.75,4600.0,6734.02,afganistan
1733.0,25/01/2008,1127.14,358.0,7055.36,NICA
1734.0,17/05/2024,30866.8,81.0,,corea
1735.0,19/07/1997,4429.62,8670.0,745.18,España
1736.0,02/07/1986,11091.67,3915.0,,us
,25/11/2023,,1529.0,6481.14,COREA
1738.0,03/12/1987,13520.77,,3487.28,mx
1739.0,,26427.19,2254.0,,Rusia
1740.0,16/08/2012,,1237.0,1970.93,CA
1741.0,,43719.68,7070.0,5096.67,COL
1742.0,02/05/2019,38195.21,1683.0,9813.84,
1743.0,20/04/1992,15656.9,672.0,5481.51,canada
1744.0,07/04/1985,15760.38,,2106.78,USA
1745.0,01/02/2018,46132.04,5791.0,7234.94,nicaragua
1746.0,02/02/1989,8600.02,,,Ind
1747.0,30/04/2002,23626.66,3407.0,7489.11,COREA
1748.0,30/09/1993,41501.32,9031.0,3897.62,colombia
1749.0,18/05/1994,22682.42,6934.0,,USA
1750.0,02/06/1998,14759.82,,6965.09,us
1751.0,30/05/1990,35402.51,4557.0,1097.35,mx
1752.0,03/04/2005,23771.87,1073.0,5664.13,corea
1753.0,20/01/2017,12720.88,1311.0,9049.73,españa
1754.0,13/04/2019,6169.83,1583.0,5784.45,canada
1755.0,19/06/2021,19935.46,7840.0,2691.81,COL
1756.0,17/03/2013,37285.39,4521.0,2876.6,AFG
1757.0,06/07/1985,29782.27,1161.0,957.37,PE CAUSA
1758.0,28/01/1988,47110.18,9664.0,1317.91,china
1759.0,31/12/2024,7560.12,,,españa
1760.0,07/12/2010,13393.66,1920.0,976.88,rusia
1761.0,07/07/1986,5070.77,1886.0,,USA
1762.0,30/10/1985,31703.39,163.0,2722.75,NICA
1763.0,27/02/2016,21992.19,550.0,1793.47,corea
1764.0,,47294.72,8085.0,6611.86,China
1765.0,,25839.74,1671.0,8226.49,jap
1766.0,15/04/2001,37410.28,1096.0,1931.26,canada
1767.0,05/08/2011,41103.99,4029.0,,Japon
1768.0,12/11/2020,10405.08,6741.0,5468.84,jap
1769.0,28/05/2006,,,8535.42,México
1770.0,13/01/2002,20325.11,939.0,850.85,COREA
1771.0,29/07/2015,,2091.0,8908.8,ucraia
1772.0,,14858.91,3136.0,8250.92,COL
1773.0,22/07/2012,11020.09,,681.47,ARG
1774.0,31/08/2013,37463.19,5607.0,525.04,MEXICO
1775.0,12/01/2017,,8248.0,3011.89,us
1776.0,,26564.74,6757.0,8317.93,CHINA
1777.0,27/10/1986,17179.73,6510.0,9771.06,ARG
1778.0,24/08/2019,49855.36,9091.0,3643.55,AFG
1779.0,03/04/1999,48008.6,1544.0,2367.74,CA
1780.0,27/02/2013,39367.22,8575.0,214.27,colombia
1781.0,16/09/2015,12372.58,4976.0,3753.95,Nicaragua
1782.0,18/05/2003,4669.68,6007.0,8503.54,México
1783.0,07/08/1992,43134.07,99.0,3159.99,china
1784.0,20/05/2009,,5375.0,,CA
1785.0,09/04/2016,17793.4,6838.0,5972.76,COL
1786.0,29/04/1996,7906.17,,6642.72,mex
1787.0,18/11/2024,22499.54,1349.0,540.84,ucraia
1788.0,18/06/1999,14098.1,9863.0,5763.48,COL
1789.0,20/05/2013,49691.64,,4663.93,canada
1790.0,18/07/1984,18136.69,9874.0,1784.44,corea
1791.0,19/03/2018,15556.58,1672.0,5236.21,Estados Unidos
1792.0,21/11/2013,4750.14,2242.0,2753.72,Canadá
1793.0,,14148.67,6671.0,8402.85,Canadá
1794.0,02/03/2009,17881.0,1813.0,3302.58,argentinaAfganistan
1795.0,08/09/2013,3802.18,3652.0,5036.13,china
1796.0,28/03/1992,12543.0,2979.0,9602.34,india
1797.0,16/07/2020,3611.2,4956.0,7275.03,us
1798.0,,48051.86,,1398.9,RUS
1799.0,26/10/2004,6291.59,8386.0,1242.38,India
1800.0,26/02/2022,,,6662.18,jap
1801.0,20/10/2004,12700.12,3879.0,,nicaragua
1802.0,27/04/1985,39217.06,,5706.68,peruColombia
1803.0,01/03/1993,24258.81,13.0,1569.61,china
1804.0,31/07/2007,37938.12,3435.0,8841.21,ARG
1805.0,06/09/2022,42697.04,6615.0,6713.13,Estados Unidos
1806.0,06/12/1998,24650.12,5668.0,2168.58,jap
1807.0,28/06/2018,34589.06,7220.0,8625.32,México
1808.0,06/07/2022,1569.73,2331.0,5620.58,MEXICO
1809.0,30/09/2006,24373.28,806.0,4585.18,Nicaragua
1810.0,,48899.59,8058.0,8372.41,CA
1811.0,09/08/2001,31760.87,4721.0,140.86,AFG
1812.0,02/05/1999,37785.97,8561.0,3085.72,ucraia
1813.0,17/07/1995,18191.94,8115.0,7676.94,México
1814.0,26/03/1999,31274.87,8529.0,4035.17,Japon
1815.0,,32416.74,8166.0,8495.59,Ind
1816.0,26/01/1999,19936.19,913.0,,
1817.0,30/08/2017,10169.68,4565.0,8922.21,CHINA
1818.0,19/01/1988,40910.04,8934.0,1300.04,Japon
1819.0,09/10/1996,25212.68,6288.0,1777.3,COREA
1820.0,03/03/2013,38614.07,9993.0,8754.35,china
1821.0,22/01/2003,,8297.0,386.22,us
1822.0,19/10/2023,3285.47,,7453.53,Japon
1823.0,29/08/2003,25391.97,2976.0,6782.08,
1824.0,,48186.3,4175.0,3814.73,UCRANIA
1825.0,21/09/1997,,9422.0,3730.21,ES
1826.0,21/05/2006,,2231.0,8574.08,CHINA
1827.0,09/05/1994,36327.54,2042.0,3462.23,PE CAUSA
1828.0,16/11/2012,25311.75,8475.0,5246.63,USA
1829.0,12/11/1991,11538.24,2623.0,1823.49,RUS
1830.0,05/09/1989,,3664.0,245.05,japon
1831.0,,,7364.0,,nicaragua
1832.0,14/02/2019,4385.0,7271.0,6807.12,corea
1833.0,03/06/1992,46949.67,7620.0,5269.18,India
1834.0,12/04/2013,7794.66,,7969.19,Ucrania
1835.0,20/12/1985,39862.88,3556.0,7299.1,CHINA
1836.0,14/07/1986,14333.67,4337.0,3639.97,MEXICO
1837.0,03/02/2009,25626.47,9431.0,9920.39,colombia
1838.0,16/07/1991,43015.74,5551.0,3162.29,Ind
1839.0,16/07/2002,5105.15,3025.0,,
1840.0,21/04/1987,46994.17,4920.0,4754.52,COL
1841.0,24/04/1986,,8443.0,2844.93,UCRANIA
1842.0,30/11/1986,,8619.0,2813.87,india
1843.0,12/10/2007,30052.14,4296.0,6316.21,corea
1844.0,17/01/1983,43579.66,1153.0,5381.77,Canadá
1845.0,20/02/2005,15069.03,5582.0,2339.5,mx
1846.0,,6535.48,5042.0,7315.25,us
1847.0,09/01/2025,14642.84,9092.0,1086.96,USA
1848.0,,21321.5,,4086.02,Peru
1849.0,14/04/2011,11424.69,9455.0,7007.15,Nicaragua
1850.0,01/08/2013,42822.02,1775.0,,COL
1851.0,05/12/2023,,4086.0,9871.61,ARG
1852.0,,40092.8,6212.0,5877.71,corea
1853.0,04/04/2013,42163.57,6952.0,6631.71,
1854.0,22/03/2016,,9109.0,3454.35,colombia
,09/04/2015,38324.84,1499.0,985.09,Canadá
1856.0,31/03/1999,39285.0,5300.0,760.07,afganistan
1857.0,17/02/2017,21651.74,6166.0,2162.41,CA
1858.0,01/05/2005,48116.38,3000.0,8850.57,nicaragua
1859.0,16/12/2014,8363.88,3850.0,,japon
,30/11/1997,26353.82,2008.0,4121.68,Japon
1861.0,24/06/1995,44154.19,5392.0,6187.85,nicaragua
1862.0,13/02/2001,46031.52,4369.0,5123.06,peruColombia
1863.0,18/07/1999,39803.85,5517.0,9930.09,ARG
1864.0,05/11/1998,6924.66,5671.0,7077.07,afganistan
1865.0,01/03/2024,3282.81,759.0,769.73,corea
1866.0,21/01/1995,9055.15,7308.0,,corea
1867.0,06/08/1997,41802.43,7079.0,8874.91,China
1868.0,17/04/1983,42573.06,3578.0,6074.7,USA
1869.0,03/09/1989,,5176.0,8527.26,Ucrania
1870.0,19/09/2006,47766.63,,2581.56,corea
1871.0,12/04/1983,42279.24,64.0,951.63,corea
1872.0,05/06/2009,34153.76,2039.0,2714.28,jap
1873.0,12/03/2013,44589.85,323.0,4149.72,mx
1874.0,28/03/1988,11421.19,,4886.68,Rusia
1875.0,19/03/1989,15339.88,7611.0,2815.64,Estados Unidos
1876.0,26/04/1991,20636.57,5615.0,865.44,corea
1877.0,07/08/2014,9219.68,2553.0,8651.79,ucraia
1878.0,09/01/2017,43057.25,6254.0,,rusia
1879.0,01/11/1997,38033.45,1149.0,8531.59,España
1880.0,23/02/2019,34364.99,4668.0,380.45,USA
1881.0,20/11/2021,13015.48,8186.0,9120.86,CA
1882.0,13/06/1997,25274.63,8450.0,,Nicaragua
1883.0,14/07/2020,35600.85,5065.0,5421.05,Ucrania
1884.0,20/07/2001,24319.44,9024.0,5182.76,Canadá
1885.0,18/08/1989,8908.92,8890.0,4911.45,china
1886.0,31/03/1989,38144.08,3720.0,5393.03,ucraia
1887.0,03/04/1999,41035.77,5775.0,4848.75,Argentina
1888.0,13/02/2018,14944.35,7664.0,2614.15,peruColombia
1889.0,06/01/2009,23689.91,8200.0,2378.56,jap
1890.0,20/08/1995,19743.09,5358.0,2119.73,rusia
1891.0,13/01/1987,33689.13,4425.0,7485.48,ES
1892.0,26/04/2002,37292.56,4509.0,6970.81,argentinaAfganistan
1893.0,06/04/2018,4146.33,8219.0,3204.51,China
1894.0,03/02/1996,24115.24,9020.0,1876.04,Canadá
